<?xml version='1.0' encoding='UTF-8'?>
<annotation>
	<filename>Capybara_365.jpg</filename>
	<size>
		<width>533</width>
		<height>799</height>
		<depth>3</depth>
	</size>
	<segmented>0</segmented>
	<object>
		<name>Capybara</name>
		<pose>Unspecified</pose>
		<truncated>0</truncated>
		<difficult>0</difficult>
		<bndbox>
			<xmin>32</xmin>
			<ymin>266</ymin>
			<xmax>291</xmax>
			<ymax>731</ymax>
		</bndbox>
	</object>
	<object>
		<name>Capybara</name>
		<pose>Unspecified</pose>
		<truncated>0</truncated>
		<difficult>0</difficult>
		<bndbox>
			<xmin>218</xmin>
			<ymin>162</ymin>
			<xmax>457</xmax>
			<ymax>345</ymax>
		</bndbox>
	</object>
</annotation>