<?xml version='1.0' encoding='UTF-8'?>
<annotation>
	<filename>Capybara_383.jpg</filename>
	<size>
		<width>800</width>
		<height>600</height>
		<depth>3</depth>
	</size>
	<segmented>0</segmented>
	<object>
		<name>Capybara</name>
		<pose>Unspecified</pose>
		<truncated>0</truncated>
		<difficult>0</difficult>
		<bndbox>
			<xmin>172</xmin>
			<ymin>252</ymin>
			<xmax>559</xmax>
			<ymax>477</ymax>
		</bndbox>
	</object>
	<object>
		<name>Capybara</name>
		<pose>Unspecified</pose>
		<truncated>0</truncated>
		<difficult>0</difficult>
		<bndbox>
			<xmin>347</xmin>
			<ymin>211</ymin>
			<xmax>533</xmax>
			<ymax>369</ymax>
		</bndbox>
	</object>
</annotation>