<?xml version='1.0' encoding='UTF-8'?>
<annotation>
	<filename>Capybara_374.jpg</filename>
	<size>
		<width>533</width>
		<height>799</height>
		<depth>3</depth>
	</size>
	<segmented>0</segmented>
	<object>
		<name>Capybara</name>
		<pose>Unspecified</pose>
		<truncated>0</truncated>
		<difficult>0</difficult>
		<bndbox>
			<xmin>54</xmin>
			<ymin>289</ymin>
			<xmax>430</xmax>
			<ymax>636</ymax>
		</bndbox>
	</object>
	<object>
		<name>Capybara</name>
		<pose>Unspecified</pose>
		<truncated>0</truncated>
		<difficult>0</difficult>
		<bndbox>
			<xmin>76</xmin>
			<ymin>90</ymin>
			<xmax>285</xmax>
			<ymax>354</ymax>
		</bndbox>
	</object>
</annotation>