<?xml version='1.0' encoding='UTF-8'?>
<annotation>
	<filename>Capybara_301.jpg</filename>
	<size>
		<width>799</width>
		<height>533</height>
		<depth>3</depth>
	</size>
	<segmented>0</segmented>
	<object>
		<name>Capybara</name>
		<pose>Unspecified</pose>
		<truncated>0</truncated>
		<difficult>0</difficult>
		<bndbox>
			<xmin>302</xmin>
			<ymin>219</ymin>
			<xmax>619</xmax>
			<ymax>414</ymax>
		</bndbox>
	</object>
	<object>
		<name>Capybara</name>
		<pose>Unspecified</pose>
		<truncated>0</truncated>
		<difficult>0</difficult>
		<bndbox>
			<xmin>79</xmin>
			<ymin>212</ymin>
			<xmax>337</xmax>
			<ymax>387</ymax>
		</bndbox>
	</object>
</annotation>