<?xml version='1.0' encoding='UTF-8'?>
<annotation>
	<filename>Capybara_219.jpg</filename>
	<size>
		<width>799</width>
		<height>533</height>
		<depth>3</depth>
	</size>
	<segmented>0</segmented>
	<object>
		<name>Capybara</name>
		<pose>Unspecified</pose>
		<truncated>0</truncated>
		<difficult>0</difficult>
		<bndbox>
			<xmin>221</xmin>
			<ymin>241</ymin>
			<xmax>385</xmax>
			<ymax>522</ymax>
		</bndbox>
	</object>
	<object>
		<name>Capybara</name>
		<pose>Unspecified</pose>
		<truncated>0</truncated>
		<difficult>0</difficult>
		<bndbox>
			<xmin>352</xmin>
			<ymin>210</ymin>
			<xmax>488</xmax>
			<ymax>437</ymax>
		</bndbox>
	</object>
</annotation>