<?xml version='1.0' encoding='UTF-8'?>
<annotation>
	<filename>Capybara_543.jpg</filename>
	<size>
		<width>799</width>
		<height>533</height>
		<depth>3</depth>
	</size>
	<segmented>0</segmented>
	<object>
		<name>Capybara</name>
		<pose>Unspecified</pose>
		<truncated>0</truncated>
		<difficult>0</difficult>
		<bndbox>
			<xmin>50</xmin>
			<ymin>261</ymin>
			<xmax>262</xmax>
			<ymax>410</ymax>
		</bndbox>
	</object>
	<object>
		<name>Capybara</name>
		<pose>Unspecified</pose>
		<truncated>0</truncated>
		<difficult>0</difficult>
		<bndbox>
			<xmin>529</xmin>
			<ymin>269</ymin>
			<xmax>661</xmax>
			<ymax>410</ymax>
		</bndbox>
	</object>
</annotation>