<?xml version='1.0' encoding='UTF-8'?>
<annotation>
	<filename>Capybara_32.jpg</filename>
	<size>
		<width>799</width>
		<height>533</height>
		<depth>3</depth>
	</size>
	<segmented>0</segmented>
	<object>
		<name>Capybara</name>
		<pose>Unspecified</pose>
		<truncated>1</truncated>
		<difficult>0</difficult>
		<bndbox>
			<xmin>92</xmin>
			<ymin>65</ymin>
			<xmax>575</xmax>
			<ymax>533</ymax>
		</bndbox>
	</object>
	<object>
		<name>Capybara</name>
		<pose>Unspecified</pose>
		<truncated>1</truncated>
		<difficult>0</difficult>
		<bndbox>
			<xmin>343</xmin>
			<ymin>198</ymin>
			<xmax>799</xmax>
			<ymax>532</ymax>
		</bndbox>
	</object>
</annotation>