<?xml version='1.0' encoding='UTF-8'?>
<annotation>
	<filename>Capybara_224.jpg</filename>
	<size>
		<width>800</width>
		<height>598</height>
		<depth>3</depth>
	</size>
	<segmented>0</segmented>
	<object>
		<name>Capybara</name>
		<pose>Unspecified</pose>
		<truncated>0</truncated>
		<difficult>0</difficult>
		<bndbox>
			<xmin>43</xmin>
			<ymin>236</ymin>
			<xmax>348</xmax>
			<ymax>391</ymax>
		</bndbox>
	</object>
	<object>
		<name>Capybara</name>
		<pose>Unspecified</pose>
		<truncated>0</truncated>
		<difficult>0</difficult>
		<bndbox>
			<xmin>418</xmin>
			<ymin>207</ymin>
			<xmax>715</xmax>
			<ymax>334</ymax>
		</bndbox>
	</object>
</annotation>