<?xml version='1.0' encoding='UTF-8'?>
<annotation>
	<filename>Capybara_13.jpg</filename>
	<size>
		<width>799</width>
		<height>533</height>
		<depth>3</depth>
	</size>
	<segmented>0</segmented>
	<object>
		<name>Capybara</name>
		<pose>Unspecified</pose>
		<truncated>0</truncated>
		<difficult>0</difficult>
		<bndbox>
			<xmin>250</xmin>
			<ymin>230</ymin>
			<xmax>585</xmax>
			<ymax>474</ymax>
		</bndbox>
	</object>
	<object>
		<name>Capybara</name>
		<pose>Unspecified</pose>
		<truncated>0</truncated>
		<difficult>0</difficult>
		<bndbox>
			<xmin>242</xmin>
			<ymin>100</ymin>
			<xmax>482</xmax>
			<ymax>357</ymax>
		</bndbox>
	</object>
</annotation>