<?xml version='1.0' encoding='UTF-8'?>
<annotation>
	<filename>Capybara_33.jpg</filename>
	<size>
		<width>799</width>
		<height>533</height>
		<depth>3</depth>
	</size>
	<segmented>0</segmented>
	<object>
		<name>Capybara</name>
		<pose>Unspecified</pose>
		<truncated>0</truncated>
		<difficult>0</difficult>
		<bndbox>
			<xmin>138</xmin>
			<ymin>226</ymin>
			<xmax>428</xmax>
			<ymax>431</ymax>
		</bndbox>
	</object>
	<object>
		<name>Turtle</name>
		<pose>Unspecified</pose>
		<truncated>1</truncated>
		<difficult>0</difficult>
		<bndbox>
			<xmin>247</xmin>
			<ymin>397</ymin>
			<xmax>704</xmax>
			<ymax>533</ymax>
		</bndbox>
	</object>
	<object>
		<name>Turtle</name>
		<pose>Unspecified</pose>
		<truncated>0</truncated>
		<difficult>0</difficult>
		<bndbox>
			<xmin>381</xmin>
			<ymin>305</ymin>
			<xmax>762</xmax>
			<ymax>519</ymax>
		</bndbox>
	</object>
	<object>
		<name>Turtle</name>
		<pose>Unspecified</pose>
		<truncated>1</truncated>
		<difficult>0</difficult>
		<bndbox>
			<xmin>655</xmin>
			<ymin>331</ymin>
			<xmax>799</xmax>
			<ymax>481</ymax>
		</bndbox>
	</object>
</annotation>