<?xml version='1.0' encoding='UTF-8'?>
<annotation>
	<filename>Capybara_222.jpg</filename>
	<size>
		<width>799</width>
		<height>533</height>
		<depth>3</depth>
	</size>
	<segmented>0</segmented>
	<object>
		<name>Capybara</name>
		<pose>Unspecified</pose>
		<truncated>0</truncated>
		<difficult>0</difficult>
		<bndbox>
			<xmin>228</xmin>
			<ymin>119</ymin>
			<xmax>499</xmax>
			<ymax>460</ymax>
		</bndbox>
	</object>
	<object>
		<name>Capybara</name>
		<pose>Unspecified</pose>
		<truncated>0</truncated>
		<difficult>0</difficult>
		<bndbox>
			<xmin>146</xmin>
			<ymin>140</ymin>
			<xmax>295</xmax>
			<ymax>314</ymax>
		</bndbox>
	</object>
</annotation>