<?xml version='1.0' encoding='UTF-8'?>
<annotation>
	<filename>Capybara_223.jpg</filename>
	<size>
		<width>800</width>
		<height>598</height>
		<depth>3</depth>
	</size>
	<segmented>0</segmented>
	<object>
		<name>Capybara</name>
		<pose>Unspecified</pose>
		<truncated>0</truncated>
		<difficult>0</difficult>
		<bndbox>
			<xmin>92</xmin>
			<ymin>200</ymin>
			<xmax>594</xmax>
			<ymax>394</ymax>
		</bndbox>
	</object>
	<object>
		<name>Capybara</name>
		<pose>Unspecified</pose>
		<truncated>0</truncated>
		<difficult>0</difficult>
		<bndbox>
			<xmin>281</xmin>
			<ymin>152</ymin>
			<xmax>359</xmax>
			<ymax>258</ymax>
		</bndbox>
	</object>
	<object>
		<name>Capybara</name>
		<pose>Unspecified</pose>
		<truncated>0</truncated>
		<difficult>0</difficult>
		<bndbox>
			<xmin>583</xmin>
			<ymin>228</ymin>
			<xmax>747</xmax>
			<ymax>350</ymax>
		</bndbox>
	</object>
</annotation>