<?xml version='1.0' encoding='UTF-8'?>
<annotation>
	<filename>Capybara_292.jpg</filename>
	<size>
		<width>799</width>
		<height>533</height>
		<depth>3</depth>
	</size>
	<segmented>0</segmented>
	<object>
		<name>Capybara</name>
		<pose>Unspecified</pose>
		<truncated>0</truncated>
		<difficult>0</difficult>
		<bndbox>
			<xmin>210</xmin>
			<ymin>166</ymin>
			<xmax>472</xmax>
			<ymax>427</ymax>
		</bndbox>
	</object>
	<object>
		<name>Capybara</name>
		<pose>Unspecified</pose>
		<truncated>0</truncated>
		<difficult>0</difficult>
		<bndbox>
			<xmin>467</xmin>
			<ymin>149</ymin>
			<xmax>718</xmax>
			<ymax>410</ymax>
		</bndbox>
	</object>
</annotation>