<?xml version='1.0' encoding='UTF-8'?>
<annotation>
	<filename>Capybara_570.jpg</filename>
	<size>
		<width>799</width>
		<height>533</height>
		<depth>3</depth>
	</size>
	<segmented>0</segmented>
	<object>
		<name>Capybara</name>
		<pose>Unspecified</pose>
		<truncated>0</truncated>
		<difficult>0</difficult>
		<bndbox>
			<xmin>196</xmin>
			<ymin>163</ymin>
			<xmax>514</xmax>
			<ymax>510</ymax>
		</bndbox>
	</object>
	<object>
		<name>Capybara</name>
		<pose>Unspecified</pose>
		<truncated>0</truncated>
		<difficult>0</difficult>
		<bndbox>
			<xmin>505</xmin>
			<ymin>122</ymin>
			<xmax>629</xmax>
			<ymax>434</ymax>
		</bndbox>
	</object>
</annotation>