<?xml version='1.0' encoding='UTF-8'?>
<annotation>
	<filename>Capybara_346.jpg</filename>
	<size>
		<width>799</width>
		<height>533</height>
		<depth>3</depth>
	</size>
	<segmented>0</segmented>
	<object>
		<name>Capybara</name>
		<pose>Unspecified</pose>
		<truncated>0</truncated>
		<difficult>0</difficult>
		<bndbox>
			<xmin>155</xmin>
			<ymin>111</ymin>
			<xmax>300</xmax>
			<ymax>418</ymax>
		</bndbox>
	</object>
	<object>
		<name>Capybara</name>
		<pose>Unspecified</pose>
		<truncated>0</truncated>
		<difficult>0</difficult>
		<bndbox>
			<xmin>504</xmin>
			<ymin>268</ymin>
			<xmax>712</xmax>
			<ymax>449</ymax>
		</bndbox>
	</object>
</annotation>