<?xml version='1.0' encoding='UTF-8'?>
<annotation>
	<filename>Capybara_213.jpg</filename>
	<size>
		<width>799</width>
		<height>533</height>
		<depth>3</depth>
	</size>
	<segmented>0</segmented>
	<object>
		<name>Capybara</name>
		<pose>Unspecified</pose>
		<truncated>0</truncated>
		<difficult>0</difficult>
		<bndbox>
			<xmin>275</xmin>
			<ymin>142</ymin>
			<xmax>459</xmax>
			<ymax>426</ymax>
		</bndbox>
	</object>
	<object>
		<name>Capybara</name>
		<pose>Unspecified</pose>
		<truncated>0</truncated>
		<difficult>0</difficult>
		<bndbox>
			<xmin>174</xmin>
			<ymin>122</ymin>
			<xmax>555</xmax>
			<ymax>366</ymax>
		</bndbox>
	</object>
</annotation>