<?xml version='1.0' encoding='UTF-8'?>
<annotation>
	<filename>Capybara_561.jpg</filename>
	<size>
		<width>799</width>
		<height>533</height>
		<depth>3</depth>
	</size>
	<segmented>0</segmented>
	<object>
		<name>Capybara</name>
		<pose>Unspecified</pose>
		<truncated>0</truncated>
		<difficult>0</difficult>
		<bndbox>
			<xmin>285</xmin>
			<ymin>181</ymin>
			<xmax>570</xmax>
			<ymax>379</ymax>
		</bndbox>
	</object>
	<object>
		<name>Capybara</name>
		<pose>Unspecified</pose>
		<truncated>0</truncated>
		<difficult>0</difficult>
		<bndbox>
			<xmin>347</xmin>
			<ymin>367</ymin>
			<xmax>519</xmax>
			<ymax>487</ymax>
		</bndbox>
	</object>
</annotation>