<?xml version='1.0' encoding='UTF-8'?>
<annotation>
	<filename>Capybara_227.jpg</filename>
	<size>
		<width>799</width>
		<height>533</height>
		<depth>3</depth>
	</size>
	<segmented>0</segmented>
	<object>
		<name>Capybara</name>
		<pose>Unspecified</pose>
		<truncated>0</truncated>
		<difficult>0</difficult>
		<bndbox>
			<xmin>398</xmin>
			<ymin>48</ymin>
			<xmax>721</xmax>
			<ymax>461</ymax>
		</bndbox>
	</object>
	<object>
		<name>Turtle</name>
		<pose>Unspecified</pose>
		<truncated>0</truncated>
		<difficult>0</difficult>
		<bndbox>
			<xmin>25</xmin>
			<ymin>261</ymin>
			<xmax>345</xmax>
			<ymax>452</ymax>
		</bndbox>
	</object>
</annotation>