<?xml version='1.0' encoding='UTF-8'?>
<annotation>
	<filename>Capybara_17.jpg</filename>
	<size>
		<width>799</width>
		<height>533</height>
		<depth>3</depth>
	</size>
	<segmented>0</segmented>
	<object>
		<name>Capybara</name>
		<pose>Unspecified</pose>
		<truncated>0</truncated>
		<difficult>0</difficult>
		<bndbox>
			<xmin>27</xmin>
			<ymin>173</ymin>
			<xmax>460</xmax>
			<ymax>431</ymax>
		</bndbox>
	</object>
	<object>
		<name>Capybara</name>
		<pose>Unspecified</pose>
		<truncated>0</truncated>
		<difficult>0</difficult>
		<bndbox>
			<xmin>359</xmin>
			<ymin>222</ymin>
			<xmax>504</xmax>
			<ymax>415</ymax>
		</bndbox>
	</object>
</annotation>