<?xml version='1.0' encoding='UTF-8'?>
<annotation>
	<filename>Capybara_3.jpg</filename>
	<size>
		<width>799</width>
		<height>533</height>
		<depth>3</depth>
	</size>
	<segmented>0</segmented>
	<object>
		<name>Capybara</name>
		<pose>Unspecified</pose>
		<truncated>0</truncated>
		<difficult>0</difficult>
		<bndbox>
			<xmin>101</xmin>
			<ymin>322</ymin>
			<xmax>433</xmax>
			<ymax>447</ymax>
		</bndbox>
	</object>
	<object>
		<name>Capybara</name>
		<pose>Unspecified</pose>
		<truncated>0</truncated>
		<difficult>0</difficult>
		<bndbox>
			<xmin>77</xmin>
			<ymin>258</ymin>
			<xmax>320</xmax>
			<ymax>402</ymax>
		</bndbox>
	</object>
</annotation>