<?xml version='1.0' encoding='UTF-8'?>
<annotation>
	<filename>Capybara_356.jpg</filename>
	<size>
		<width>800</width>
		<height>598</height>
		<depth>3</depth>
	</size>
	<segmented>0</segmented>
	<object>
		<name>Capybara</name>
		<pose>Unspecified</pose>
		<truncated>1</truncated>
		<difficult>0</difficult>
		<bndbox>
			<xmin>1</xmin>
			<ymin>153</ymin>
			<xmax>570</xmax>
			<ymax>541</ymax>
		</bndbox>
	</object>
	<object>
		<name>Capybara</name>
		<pose>Unspecified</pose>
		<truncated>1</truncated>
		<difficult>0</difficult>
		<bndbox>
			<xmin>31</xmin>
			<ymin>1</ymin>
			<xmax>576</xmax>
			<ymax>324</ymax>
		</bndbox>
	</object>
</annotation>