<?xml version='1.0' encoding='UTF-8'?>
<annotation>
	<filename>Capybara_229.jpg</filename>
	<size>
		<width>799</width>
		<height>533</height>
		<depth>3</depth>
	</size>
	<segmented>0</segmented>
	<object>
		<name>Capybara</name>
		<pose>Unspecified</pose>
		<truncated>0</truncated>
		<difficult>0</difficult>
		<bndbox>
			<xmin>284</xmin>
			<ymin>253</ymin>
			<xmax>471</xmax>
			<ymax>441</ymax>
		</bndbox>
	</object>
	<object>
		<name>Capybara</name>
		<pose>Unspecified</pose>
		<truncated>1</truncated>
		<difficult>0</difficult>
		<bndbox>
			<xmin>415</xmin>
			<ymin>295</ymin>
			<xmax>799</xmax>
			<ymax>491</ymax>
		</bndbox>
	</object>
</annotation>