<?xml version='1.0' encoding='UTF-8'?>
<annotation>
	<filename>Capybara_379.jpg</filename>
	<size>
		<width>800</width>
		<height>600</height>
		<depth>3</depth>
	</size>
	<segmented>0</segmented>
	<object>
		<name>Capybara</name>
		<pose>Unspecified</pose>
		<truncated>0</truncated>
		<difficult>0</difficult>
		<bndbox>
			<xmin>211</xmin>
			<ymin>414</ymin>
			<xmax>491</xmax>
			<ymax>572</ymax>
		</bndbox>
	</object>
	<object>
		<name>Capybara</name>
		<pose>Unspecified</pose>
		<truncated>0</truncated>
		<difficult>0</difficult>
		<bndbox>
			<xmin>389</xmin>
			<ymin>358</ymin>
			<xmax>505</xmax>
			<ymax>548</ymax>
		</bndbox>
	</object>
	<object>
		<name>Capybara</name>
		<pose>Unspecified</pose>
		<truncated>0</truncated>
		<difficult>0</difficult>
		<bndbox>
			<xmin>259</xmin>
			<ymin>93</ymin>
			<xmax>646</xmax>
			<ymax>434</ymax>
		</bndbox>
	</object>
</annotation>