<?xml version='1.0' encoding='UTF-8'?>
<annotation>
	<filename>Capybara_315.jpg</filename>
	<size>
		<width>799</width>
		<height>533</height>
		<depth>3</depth>
	</size>
	<segmented>0</segmented>
	<object>
		<name>Capybara</name>
		<pose>Unspecified</pose>
		<truncated>0</truncated>
		<difficult>0</difficult>
		<bndbox>
			<xmin>312</xmin>
			<ymin>87</ymin>
			<xmax>523</xmax>
			<ymax>457</ymax>
		</bndbox>
	</object>
	<object>
		<name>Capybara</name>
		<pose>Unspecified</pose>
		<truncated>0</truncated>
		<difficult>0</difficult>
		<bndbox>
			<xmin>93</xmin>
			<ymin>64</ymin>
			<xmax>268</xmax>
			<ymax>259</ymax>
		</bndbox>
	</object>
</annotation>