<?xml version='1.0' encoding='UTF-8'?>
<annotation>
	<filename>Capybara_352.jpg</filename>
	<size>
		<width>800</width>
		<height>531</height>
		<depth>3</depth>
	</size>
	<segmented>0</segmented>
	<object>
		<name>Capybara</name>
		<pose>Unspecified</pose>
		<truncated>0</truncated>
		<difficult>0</difficult>
		<bndbox>
			<xmin>306</xmin>
			<ymin>227</ymin>
			<xmax>550</xmax>
			<ymax>348</ymax>
		</bndbox>
	</object>
	<object>
		<name>Capybara</name>
		<pose>Unspecified</pose>
		<truncated>0</truncated>
		<difficult>0</difficult>
		<bndbox>
			<xmin>255</xmin>
			<ymin>229</ymin>
			<xmax>319</xmax>
			<ymax>279</ymax>
		</bndbox>
	</object>
</annotation>