<?xml version='1.0' encoding='UTF-8'?>
<annotation>
	<filename>Capybara_305.jpg</filename>
	<size>
		<width>799</width>
		<height>533</height>
		<depth>3</depth>
	</size>
	<segmented>0</segmented>
	<object>
		<name>Capybara</name>
		<pose>Unspecified</pose>
		<truncated>0</truncated>
		<difficult>0</difficult>
		<bndbox>
			<xmin>269</xmin>
			<ymin>169</ymin>
			<xmax>617</xmax>
			<ymax>418</ymax>
		</bndbox>
	</object>
	<object>
		<name>Capybara</name>
		<pose>Unspecified</pose>
		<truncated>0</truncated>
		<difficult>0</difficult>
		<bndbox>
			<xmin>532</xmin>
			<ymin>57</ymin>
			<xmax>759</xmax>
			<ymax>476</ymax>
		</bndbox>
	</object>
</annotation>