<?xml version='1.0' encoding='UTF-8'?>
<annotation>
	<filename>Capybara_27.jpg</filename>
	<size>
		<width>799</width>
		<height>533</height>
		<depth>3</depth>
	</size>
	<segmented>0</segmented>
	<object>
		<name>Capybara</name>
		<pose>Unspecified</pose>
		<truncated>0</truncated>
		<difficult>0</difficult>
		<bndbox>
			<xmin>158</xmin>
			<ymin>160</ymin>
			<xmax>417</xmax>
			<ymax>293</ymax>
		</bndbox>
	</object>
	<object>
		<name>Capybara</name>
		<pose>Unspecified</pose>
		<truncated>0</truncated>
		<difficult>0</difficult>
		<bndbox>
			<xmin>96</xmin>
			<ymin>221</ymin>
			<xmax>613</xmax>
			<ymax>432</ymax>
		</bndbox>
	</object>
</annotation>