<?xml version='1.0' encoding='UTF-8'?>
<annotation>
	<filename>Capybara_375.jpg</filename>
	<size>
		<width>799</width>
		<height>533</height>
		<depth>3</depth>
	</size>
	<segmented>0</segmented>
	<object>
		<name>Capybara</name>
		<pose>Unspecified</pose>
		<truncated>0</truncated>
		<difficult>0</difficult>
		<bndbox>
			<xmin>339</xmin>
			<ymin>19</ymin>
			<xmax>540</xmax>
			<ymax>530</ymax>
		</bndbox>
	</object>
	<object>
		<name>Capybara</name>
		<pose>Unspecified</pose>
		<truncated>0</truncated>
		<difficult>0</difficult>
		<bndbox>
			<xmin>121</xmin>
			<ymin>45</ymin>
			<xmax>355</xmax>
			<ymax>530</ymax>
		</bndbox>
	</object>
</annotation>