<?xml version='1.0' encoding='UTF-8'?>
<annotation>
	<filename>Capybara_382.jpg</filename>
	<size>
		<width>799</width>
		<height>533</height>
		<depth>3</depth>
	</size>
	<segmented>0</segmented>
	<object>
		<name>Capybara</name>
		<pose>Unspecified</pose>
		<truncated>0</truncated>
		<difficult>0</difficult>
		<bndbox>
			<xmin>320</xmin>
			<ymin>174</ymin>
			<xmax>495</xmax>
			<ymax>438</ymax>
		</bndbox>
	</object>
	<object>
		<name>Capybara</name>
		<pose>Unspecified</pose>
		<truncated>0</truncated>
		<difficult>0</difficult>
		<bndbox>
			<xmin>339</xmin>
			<ymin>57</ymin>
			<xmax>520</xmax>
			<ymax>232</ymax>
		</bndbox>
	</object>
</annotation>