<?xml version='1.0' encoding='UTF-8'?>
<annotation>
	<filename>Capybara_322.jpg</filename>
	<size>
		<width>800</width>
		<height>600</height>
		<depth>3</depth>
	</size>
	<segmented>0</segmented>
	<object>
		<name>Capybara</name>
		<pose>Unspecified</pose>
		<truncated>0</truncated>
		<difficult>0</difficult>
		<bndbox>
			<xmin>144</xmin>
			<ymin>138</ymin>
			<xmax>488</xmax>
			<ymax>456</ymax>
		</bndbox>
	</object>
	<object>
		<name>Capybara</name>
		<pose>Unspecified</pose>
		<truncated>0</truncated>
		<difficult>0</difficult>
		<bndbox>
			<xmin>488</xmin>
			<ymin>37</ymin>
			<xmax>659</xmax>
			<ymax>290</ymax>
		</bndbox>
	</object>
</annotation>