<?xml version='1.0' encoding='UTF-8'?>
<annotation>
	<filename>Capybara_568.jpg</filename>
	<size>
		<width>799</width>
		<height>533</height>
		<depth>3</depth>
	</size>
	<segmented>0</segmented>
	<object>
		<name>Capybara</name>
		<pose>Unspecified</pose>
		<truncated>0</truncated>
		<difficult>0</difficult>
		<bndbox>
			<xmin>306</xmin>
			<ymin>205</ymin>
			<xmax>697</xmax>
			<ymax>406</ymax>
		</bndbox>
	</object>
	<object>
		<name>Capybara</name>
		<pose>Unspecified</pose>
		<truncated>0</truncated>
		<difficult>0</difficult>
		<bndbox>
			<xmin>125</xmin>
			<ymin>135</ymin>
			<xmax>505</xmax>
			<ymax>330</ymax>
		</bndbox>
	</object>
</annotation>