<?xml version='1.0' encoding='UTF-8'?>
<annotation>
	<filename>Capybara_309.jpg</filename>
	<size>
		<width>799</width>
		<height>533</height>
		<depth>3</depth>
	</size>
	<segmented>0</segmented>
	<object>
		<name>Capybara</name>
		<pose>Unspecified</pose>
		<truncated>0</truncated>
		<difficult>0</difficult>
		<bndbox>
			<xmin>192</xmin>
			<ymin>31</ymin>
			<xmax>720</xmax>
			<ymax>470</ymax>
		</bndbox>
	</object>
	<object>
		<name>Capybara</name>
		<pose>Unspecified</pose>
		<truncated>0</truncated>
		<difficult>0</difficult>
		<bndbox>
			<xmin>202</xmin>
			<ymin>172</ymin>
			<xmax>433</xmax>
			<ymax>477</ymax>
		</bndbox>
	</object>
</annotation>