<?xml version='1.0' encoding='UTF-8'?>
<annotation>
	<filename>Capybara_22.jpg</filename>
	<size>
		<width>800</width>
		<height>531</height>
		<depth>3</depth>
	</size>
	<segmented>0</segmented>
	<object>
		<name>Capybara</name>
		<pose>Unspecified</pose>
		<truncated>0</truncated>
		<difficult>0</difficult>
		<bndbox>
			<xmin>125</xmin>
			<ymin>289</ymin>
			<xmax>289</xmax>
			<ymax>406</ymax>
		</bndbox>
	</object>
	<object>
		<name>Capybara</name>
		<pose>Unspecified</pose>
		<truncated>0</truncated>
		<difficult>0</difficult>
		<bndbox>
			<xmin>437</xmin>
			<ymin>271</ymin>
			<xmax>619</xmax>
			<ymax>384</ymax>
		</bndbox>
	</object>
	<object>
		<name>Capybara</name>
		<pose>Unspecified</pose>
		<truncated>0</truncated>
		<difficult>0</difficult>
		<bndbox>
			<xmin>542</xmin>
			<ymin>232</ymin>
			<xmax>656</xmax>
			<ymax>311</ymax>
		</bndbox>
	</object>
</annotation>