<?xml version='1.0' encoding='UTF-8'?>
<annotation>
	<filename>Capybara_235.jpg</filename>
	<size>
		<width>799</width>
		<height>533</height>
		<depth>3</depth>
	</size>
	<segmented>0</segmented>
	<object>
		<name>Capybara</name>
		<pose>Unspecified</pose>
		<truncated>0</truncated>
		<difficult>0</difficult>
		<bndbox>
			<xmin>250</xmin>
			<ymin>177</ymin>
			<xmax>453</xmax>
			<ymax>392</ymax>
		</bndbox>
	</object>
	<object>
		<name>Capybara</name>
		<pose>Unspecified</pose>
		<truncated>0</truncated>
		<difficult>0</difficult>
		<bndbox>
			<xmin>484</xmin>
			<ymin>266</ymin>
			<xmax>648</xmax>
			<ymax>421</ymax>
		</bndbox>
	</object>
</annotation>