<?xml version='1.0' encoding='UTF-8'?>
<annotation>
	<filename>Capybara_233.jpg</filename>
	<size>
		<width>799</width>
		<height>533</height>
		<depth>3</depth>
	</size>
	<segmented>0</segmented>
	<object>
		<name>Capybara</name>
		<pose>Unspecified</pose>
		<truncated>0</truncated>
		<difficult>0</difficult>
		<bndbox>
			<xmin>347</xmin>
			<ymin>68</ymin>
			<xmax>555</xmax>
			<ymax>221</ymax>
		</bndbox>
	</object>
	<object>
		<name>Capybara</name>
		<pose>Unspecified</pose>
		<truncated>0</truncated>
		<difficult>0</difficult>
		<bndbox>
			<xmin>313</xmin>
			<ymin>85</ymin>
			<xmax>592</xmax>
			<ymax>304</ymax>
		</bndbox>
	</object>
	<object>
		<name>Capybara</name>
		<pose>Unspecified</pose>
		<truncated>0</truncated>
		<difficult>0</difficult>
		<bndbox>
			<xmin>574</xmin>
			<ymin>209</ymin>
			<xmax>776</xmax>
			<ymax>390</ymax>
		</bndbox>
	</object>
</annotation>