<?xml version='1.0' encoding='UTF-8'?>
<annotation>
	<filename>Capybara_225.jpg</filename>
	<size>
		<width>799</width>
		<height>533</height>
		<depth>3</depth>
	</size>
	<segmented>0</segmented>
	<object>
		<name>Capybara</name>
		<pose>Unspecified</pose>
		<truncated>0</truncated>
		<difficult>0</difficult>
		<bndbox>
			<xmin>251</xmin>
			<ymin>178</ymin>
			<xmax>488</xmax>
			<ymax>475</ymax>
		</bndbox>
	</object>
	<object>
		<name>Capybara</name>
		<pose>Unspecified</pose>
		<truncated>0</truncated>
		<difficult>0</difficult>
		<bndbox>
			<xmin>389</xmin>
			<ymin>134</ymin>
			<xmax>775</xmax>
			<ymax>504</ymax>
		</bndbox>
	</object>
</annotation>