<?xml version='1.0' encoding='UTF-8'?>
<annotation>
	<filename>Capybara_303.jpg</filename>
	<size>
		<width>533</width>
		<height>799</height>
		<depth>3</depth>
	</size>
	<segmented>0</segmented>
	<object>
		<name>Capybara</name>
		<pose>Unspecified</pose>
		<truncated>0</truncated>
		<difficult>0</difficult>
		<bndbox>
			<xmin>76</xmin>
			<ymin>446</ymin>
			<xmax>303</xmax>
			<ymax>611</ymax>
		</bndbox>
	</object>
	<object>
		<name>Capybara</name>
		<pose>Unspecified</pose>
		<truncated>0</truncated>
		<difficult>0</difficult>
		<bndbox>
			<xmin>258</xmin>
			<ymin>338</ymin>
			<xmax>332</xmax>
			<ymax>497</ymax>
		</bndbox>
	</object>
	<object>
		<name>Capybara</name>
		<pose>Unspecified</pose>
		<truncated>0</truncated>
		<difficult>0</difficult>
		<bndbox>
			<xmin>306</xmin>
			<ymin>344</ymin>
			<xmax>486</xmax>
			<ymax>510</ymax>
		</bndbox>
	</object>
	<object>
		<name>Capybara</name>
		<pose>Unspecified</pose>
		<truncated>0</truncated>
		<difficult>0</difficult>
		<bndbox>
			<xmin>53</xmin>
			<ymin>534</ymin>
			<xmax>295</xmax>
			<ymax>780</ymax>
		</bndbox>
	</object>
</annotation>