<?xml version='1.0' encoding='UTF-8'?>
<annotation>
	<filename>Capybara_553.jpg</filename>
	<size>
		<width>799</width>
		<height>533</height>
		<depth>3</depth>
	</size>
	<segmented>0</segmented>
	<object>
		<name>Capybara</name>
		<pose>Unspecified</pose>
		<truncated>0</truncated>
		<difficult>0</difficult>
		<bndbox>
			<xmin>246</xmin>
			<ymin>121</ymin>
			<xmax>517</xmax>
			<ymax>492</ymax>
		</bndbox>
	</object>
	<object>
		<name>Capybara</name>
		<pose>Unspecified</pose>
		<truncated>0</truncated>
		<difficult>0</difficult>
		<bndbox>
			<xmin>560</xmin>
			<ymin>91</ymin>
			<xmax>679</xmax>
			<ymax>408</ymax>
		</bndbox>
	</object>
</annotation>