<?xml version='1.0' encoding='UTF-8'?>
<annotation>
	<filename>Capybara_6.jpg</filename>
	<size>
		<width>799</width>
		<height>533</height>
		<depth>3</depth>
	</size>
	<segmented>0</segmented>
	<object>
		<name>Capybara</name>
		<pose>Unspecified</pose>
		<truncated>0</truncated>
		<difficult>0</difficult>
		<bndbox>
			<xmin>39</xmin>
			<ymin>151</ymin>
			<xmax>463</xmax>
			<ymax>374</ymax>
		</bndbox>
	</object>
	<object>
		<name>Turtle</name>
		<pose>Unspecified</pose>
		<truncated>1</truncated>
		<difficult>0</difficult>
		<bndbox>
			<xmin>11</xmin>
			<ymin>337</ymin>
			<xmax>407</xmax>
			<ymax>533</ymax>
		</bndbox>
	</object>
	<object>
		<name>Turtle</name>
		<pose>Unspecified</pose>
		<truncated>1</truncated>
		<difficult>0</difficult>
		<bndbox>
			<xmin>393</xmin>
			<ymin>331</ymin>
			<xmax>634</xmax>
			<ymax>533</ymax>
		</bndbox>
	</object>
</annotation>