<?xml version='1.0' encoding='UTF-8'?>
<annotation>
	<filename>Capybara_200.jpg</filename>
	<size>
		<width>799</width>
		<height>533</height>
		<depth>3</depth>
	</size>
	<segmented>0</segmented>
	<object>
		<name>Capybara</name>
		<pose>Unspecified</pose>
		<truncated>0</truncated>
		<difficult>0</difficult>
		<bndbox>
			<xmin>122</xmin>
			<ymin>325</ymin>
			<xmax>363</xmax>
			<ymax>501</ymax>
		</bndbox>
	</object>
	<object>
		<name>Capybara</name>
		<pose>Unspecified</pose>
		<truncated>1</truncated>
		<difficult>0</difficult>
		<bndbox>
			<xmin>1</xmin>
			<ymin>459</ymin>
			<xmax>64</xmax>
			<ymax>518</ymax>
		</bndbox>
	</object>
</annotation>