<?xml version='1.0' encoding='UTF-8'?>
<annotation>
	<filename>Capybara_376.jpg</filename>
	<size>
		<width>799</width>
		<height>533</height>
		<depth>3</depth>
	</size>
	<segmented>0</segmented>
	<object>
		<name>Capybara</name>
		<pose>Unspecified</pose>
		<truncated>0</truncated>
		<difficult>0</difficult>
		<bndbox>
			<xmin>163</xmin>
			<ymin>111</ymin>
			<xmax>416</xmax>
			<ymax>450</ymax>
		</bndbox>
	</object>
	<object>
		<name>Capybara</name>
		<pose>Unspecified</pose>
		<truncated>1</truncated>
		<difficult>0</difficult>
		<bndbox>
			<xmin>496</xmin>
			<ymin>105</ymin>
			<xmax>799</xmax>
			<ymax>370</ymax>
		</bndbox>
	</object>
</annotation>