<?xml version='1.0' encoding='UTF-8'?>
<annotation>
	<filename>Capybara_23.jpg</filename>
	<size>
		<width>799</width>
		<height>533</height>
		<depth>3</depth>
	</size>
	<segmented>0</segmented>
	<object>
		<name>Capybara</name>
		<pose>Unspecified</pose>
		<truncated>0</truncated>
		<difficult>0</difficult>
		<bndbox>
			<xmin>116</xmin>
			<ymin>278</ymin>
			<xmax>674</xmax>
			<ymax>368</ymax>
		</bndbox>
	</object>
	<object>
		<name>Capybara</name>
		<pose>Unspecified</pose>
		<truncated>0</truncated>
		<difficult>0</difficult>
		<bndbox>
			<xmin>22</xmin>
			<ymin>243</ymin>
			<xmax>475</xmax>
			<ymax>346</ymax>
		</bndbox>
	</object>
</annotation>