<?xml version='1.0' encoding='UTF-8'?>
<annotation>
	<filename>Capybara_30.jpg</filename>
	<size>
		<width>799</width>
		<height>484</height>
		<depth>3</depth>
	</size>
	<segmented>0</segmented>
	<object>
		<name>Capybara</name>
		<pose>Unspecified</pose>
		<truncated>0</truncated>
		<difficult>0</difficult>
		<bndbox>
			<xmin>31</xmin>
			<ymin>87</ymin>
			<xmax>384</xmax>
			<ymax>294</ymax>
		</bndbox>
	</object>
	<object>
		<name>Capybara</name>
		<pose>Unspecified</pose>
		<truncated>0</truncated>
		<difficult>0</difficult>
		<bndbox>
			<xmin>528</xmin>
			<ymin>142</ymin>
			<xmax>759</xmax>
			<ymax>335</ymax>
		</bndbox>
	</object>
</annotation>