<?xml version='1.0' encoding='UTF-8'?>
<annotation>
	<filename>Capybara_549.jpg</filename>
	<size>
		<width>799</width>
		<height>533</height>
		<depth>3</depth>
	</size>
	<segmented>0</segmented>
	<object>
		<name>Capybara</name>
		<pose>Unspecified</pose>
		<truncated>0</truncated>
		<difficult>0</difficult>
		<bndbox>
			<xmin>39</xmin>
			<ymin>205</ymin>
			<xmax>612</xmax>
			<ymax>428</ymax>
		</bndbox>
	</object>
	<object>
		<name>Capybara</name>
		<pose>Unspecified</pose>
		<truncated>0</truncated>
		<difficult>0</difficult>
		<bndbox>
			<xmin>363</xmin>
			<ymin>94</ymin>
			<xmax>697</xmax>
			<ymax>393</ymax>
		</bndbox>
	</object>
</annotation>