<?xml version='1.0' encoding='UTF-8'?>
<annotation>
	<filename>Capybara_552.jpg</filename>
	<size>
		<width>799</width>
		<height>533</height>
		<depth>3</depth>
	</size>
	<segmented>0</segmented>
	<object>
		<name>Capybara</name>
		<pose>Unspecified</pose>
		<truncated>0</truncated>
		<difficult>0</difficult>
		<bndbox>
			<xmin>34</xmin>
			<ymin>139</ymin>
			<xmax>618</xmax>
			<ymax>425</ymax>
		</bndbox>
	</object>
	<object>
		<name>Capybara</name>
		<pose>Unspecified</pose>
		<truncated>0</truncated>
		<difficult>0</difficult>
		<bndbox>
			<xmin>287</xmin>
			<ymin>112</ymin>
			<xmax>739</xmax>
			<ymax>360</ymax>
		</bndbox>
	</object>
</annotation>