<?xml version='1.0' encoding='UTF-8'?>
<annotation>
	<filename>Capybara_323.jpg</filename>
	<size>
		<width>799</width>
		<height>533</height>
		<depth>3</depth>
	</size>
	<segmented>0</segmented>
	<object>
		<name>Capybara</name>
		<pose>Unspecified</pose>
		<truncated>0</truncated>
		<difficult>0</difficult>
		<bndbox>
			<xmin>254</xmin>
			<ymin>156</ymin>
			<xmax>569</xmax>
			<ymax>356</ymax>
		</bndbox>
	</object>
	<object>
		<name>Capybara</name>
		<pose>Unspecified</pose>
		<truncated>0</truncated>
		<difficult>0</difficult>
		<bndbox>
			<xmin>58</xmin>
			<ymin>232</ymin>
			<xmax>676</xmax>
			<ymax>460</ymax>
		</bndbox>
	</object>
</annotation>