<?xml version='1.0' encoding='UTF-8'?>
<annotation>
	<filename>Capybara_10.jpg</filename>
	<size>
		<width>799</width>
		<height>533</height>
		<depth>3</depth>
	</size>
	<segmented>0</segmented>
	<object>
		<name>Capybara</name>
		<pose>Unspecified</pose>
		<truncated>0</truncated>
		<difficult>0</difficult>
		<bndbox>
			<xmin>269</xmin>
			<ymin>161</ymin>
			<xmax>763</xmax>
			<ymax>507</ymax>
		</bndbox>
	</object>
	<object>
		<name>Capybara</name>
		<pose>Unspecified</pose>
		<truncated>0</truncated>
		<difficult>0</difficult>
		<bndbox>
			<xmin>137</xmin>
			<ymin>146</ymin>
			<xmax>500</xmax>
			<ymax>475</ymax>
		</bndbox>
	</object>
</annotation>