<?xml version='1.0' encoding='UTF-8'?>
<annotation>
	<filename>Capybara_557.jpg</filename>
	<size>
		<width>799</width>
		<height>533</height>
		<depth>3</depth>
	</size>
	<segmented>0</segmented>
	<object>
		<name>Capybara</name>
		<pose>Unspecified</pose>
		<truncated>0</truncated>
		<difficult>0</difficult>
		<bndbox>
			<xmin>268</xmin>
			<ymin>289</ymin>
			<xmax>492</xmax>
			<ymax>496</ymax>
		</bndbox>
	</object>
	<object>
		<name>Capybara</name>
		<pose>Unspecified</pose>
		<truncated>0</truncated>
		<difficult>0</difficult>
		<bndbox>
			<xmin>156</xmin>
			<ymin>419</ymin>
			<xmax>248</xmax>
			<ymax>472</ymax>
		</bndbox>
	</object>
</annotation>