<?xml version='1.0' encoding='UTF-8'?>
<annotation>
	<filename>Capybara_228.jpg</filename>
	<size>
		<width>799</width>
		<height>533</height>
		<depth>3</depth>
	</size>
	<segmented>0</segmented>
	<object>
		<name>Capybara</name>
		<pose>Unspecified</pose>
		<truncated>0</truncated>
		<difficult>0</difficult>
		<bndbox>
			<xmin>129</xmin>
			<ymin>226</ymin>
			<xmax>528</xmax>
			<ymax>449</ymax>
		</bndbox>
	</object>
	<object>
		<name>Capybara</name>
		<pose>Unspecified</pose>
		<truncated>0</truncated>
		<difficult>0</difficult>
		<bndbox>
			<xmin>374</xmin>
			<ymin>109</ymin>
			<xmax>693</xmax>
			<ymax>438</ymax>
		</bndbox>
	</object>
</annotation>