<?xml version='1.0' encoding='UTF-8'?>
<annotation>
	<filename>Capybara_207.jpg</filename>
	<size>
		<width>800</width>
		<height>600</height>
		<depth>3</depth>
	</size>
	<segmented>0</segmented>
	<object>
		<name>Capybara</name>
		<pose>Unspecified</pose>
		<truncated>0</truncated>
		<difficult>0</difficult>
		<bndbox>
			<xmin>462</xmin>
			<ymin>231</ymin>
			<xmax>746</xmax>
			<ymax>551</ymax>
		</bndbox>
	</object>
	<object>
		<name>Capybara</name>
		<pose>Unspecified</pose>
		<truncated>0</truncated>
		<difficult>0</difficult>
		<bndbox>
			<xmin>28</xmin>
			<ymin>7</ymin>
			<xmax>696</xmax>
			<ymax>599</ymax>
		</bndbox>
	</object>
</annotation>