<?xml version='1.0' encoding='UTF-8'?>
<annotation>
	<filename>Capybara_349.jpg</filename>
	<size>
		<width>799</width>
		<height>533</height>
		<depth>3</depth>
	</size>
	<segmented>0</segmented>
	<object>
		<name>Capybara</name>
		<pose>Unspecified</pose>
		<truncated>0</truncated>
		<difficult>0</difficult>
		<bndbox>
			<xmin>198</xmin>
			<ymin>40</ymin>
			<xmax>434</xmax>
			<ymax>499</ymax>
		</bndbox>
	</object>
	<object>
		<name>Capybara</name>
		<pose>Unspecified</pose>
		<truncated>0</truncated>
		<difficult>0</difficult>
		<bndbox>
			<xmin>384</xmin>
			<ymin>94</ymin>
			<xmax>654</xmax>
			<ymax>507</ymax>
		</bndbox>
	</object>
</annotation>