<?xml version='1.0' encoding='UTF-8'?>
<annotation>
	<filename>Capybara_378.jpg</filename>
	<size>
		<width>799</width>
		<height>533</height>
		<depth>3</depth>
	</size>
	<segmented>0</segmented>
	<object>
		<name>Capybara</name>
		<pose>Unspecified</pose>
		<truncated>0</truncated>
		<difficult>0</difficult>
		<bndbox>
			<xmin>253</xmin>
			<ymin>56</ymin>
			<xmax>521</xmax>
			<ymax>443</ymax>
		</bndbox>
	</object>
	<object>
		<name>Turtle</name>
		<pose>Unspecified</pose>
		<truncated>0</truncated>
		<difficult>0</difficult>
		<bndbox>
			<xmin>429</xmin>
			<ymin>388</ymin>
			<xmax>570</xmax>
			<ymax>482</ymax>
		</bndbox>
	</object>
</annotation>