<?xml version='1.0' encoding='UTF-8'?>
<annotation>
	<filename>Capybara_545.jpg</filename>
	<size>
		<width>799</width>
		<height>533</height>
		<depth>3</depth>
	</size>
	<segmented>0</segmented>
	<object>
		<name>Capybara</name>
		<pose>Unspecified</pose>
		<truncated>1</truncated>
		<difficult>0</difficult>
		<bndbox>
			<xmin>304</xmin>
			<ymin>111</ymin>
			<xmax>788</xmax>
			<ymax>533</ymax>
		</bndbox>
	</object>
	<object>
		<name>Capybara</name>
		<pose>Unspecified</pose>
		<truncated>0</truncated>
		<difficult>0</difficult>
		<bndbox>
			<xmin>5</xmin>
			<ymin>269</ymin>
			<xmax>322</xmax>
			<ymax>522</ymax>
		</bndbox>
	</object>
</annotation>