<?xml version='1.0' encoding='UTF-8'?>
<annotation>
	<filename>Capybara_314.jpg</filename>
	<size>
		<width>799</width>
		<height>533</height>
		<depth>3</depth>
	</size>
	<segmented>0</segmented>
	<object>
		<name>Capybara</name>
		<pose>Unspecified</pose>
		<truncated>0</truncated>
		<difficult>0</difficult>
		<bndbox>
			<xmin>99</xmin>
			<ymin>159</ymin>
			<xmax>632</xmax>
			<ymax>465</ymax>
		</bndbox>
	</object>
	<object>
		<name>Capybara</name>
		<pose>Unspecified</pose>
		<truncated>0</truncated>
		<difficult>0</difficult>
		<bndbox>
			<xmin>435</xmin>
			<ymin>58</ymin>
			<xmax>663</xmax>
			<ymax>277</ymax>
		</bndbox>
	</object>
</annotation>