<?xml version='1.0' encoding='UTF-8'?>
<annotation>
	<filename>Capybara_9.jpg</filename>
	<size>
		<width>799</width>
		<height>533</height>
		<depth>3</depth>
	</size>
	<segmented>0</segmented>
	<object>
		<name>Capybara</name>
		<pose>Unspecified</pose>
		<truncated>0</truncated>
		<difficult>0</difficult>
		<bndbox>
			<xmin>122</xmin>
			<ymin>222</ymin>
			<xmax>454</xmax>
			<ymax>511</ymax>
		</bndbox>
	</object>
	<object>
		<name>Capybara</name>
		<pose>Unspecified</pose>
		<truncated>0</truncated>
		<difficult>0</difficult>
		<bndbox>
			<xmin>200</xmin>
			<ymin>38</ymin>
			<xmax>380</xmax>
			<ymax>273</ymax>
		</bndbox>
	</object>
</annotation>