<?xml version='1.0' encoding='UTF-8'?>
<annotation>
	<filename>Capybara_339.jpg</filename>
	<size>
		<width>799</width>
		<height>533</height>
		<depth>3</depth>
	</size>
	<segmented>0</segmented>
	<object>
		<name>Capybara</name>
		<pose>Unspecified</pose>
		<truncated>0</truncated>
		<difficult>0</difficult>
		<bndbox>
			<xmin>300</xmin>
			<ymin>169</ymin>
			<xmax>495</xmax>
			<ymax>314</ymax>
		</bndbox>
	</object>
	<object>
		<name>Capybara</name>
		<pose>Unspecified</pose>
		<truncated>0</truncated>
		<difficult>0</difficult>
		<bndbox>
			<xmin>375</xmin>
			<ymin>158</ymin>
			<xmax>597</xmax>
			<ymax>305</ymax>
		</bndbox>
	</object>
</annotation>