<?xml version='1.0' encoding='UTF-8'?>
<annotation>
	<filename>Capybara_342.jpg</filename>
	<size>
		<width>799</width>
		<height>533</height>
		<depth>3</depth>
	</size>
	<segmented>0</segmented>
	<object>
		<name>Capybara</name>
		<pose>Unspecified</pose>
		<truncated>0</truncated>
		<difficult>0</difficult>
		<bndbox>
			<xmin>128</xmin>
			<ymin>42</ymin>
			<xmax>460</xmax>
			<ymax>442</ymax>
		</bndbox>
	</object>
	<object>
		<name>Capybara</name>
		<pose>Unspecified</pose>
		<truncated>0</truncated>
		<difficult>0</difficult>
		<bndbox>
			<xmin>428</xmin>
			<ymin>135</ymin>
			<xmax>739</xmax>
			<ymax>511</ymax>
		</bndbox>
	</object>
</annotation>