<?xml version='1.0' encoding='UTF-8'?>
<annotation>
	<filename>Capybara_1.jpg</filename>
	<size>
		<width>800</width>
		<height>552</height>
		<depth>3</depth>
	</size>
	<segmented>0</segmented>
	<object>
		<name>Capybara</name>
		<pose>Unspecified</pose>
		<truncated>0</truncated>
		<difficult>0</difficult>
		<bndbox>
			<xmin>165</xmin>
			<ymin>142</ymin>
			<xmax>570</xmax>
			<ymax>534</ymax>
		</bndbox>
	</object>
	<object>
		<name>Capybara</name>
		<pose>Unspecified</pose>
		<truncated>1</truncated>
		<difficult>0</difficult>
		<bndbox>
			<xmin>552</xmin>
			<ymin>1</ymin>
			<xmax>800</xmax>
			<ymax>229</ymax>
		</bndbox>
	</object>
</annotation>