<?xml version='1.0' encoding='UTF-8'?>
<annotation>
	<filename>Capybara_317.jpg</filename>
	<size>
		<width>533</width>
		<height>799</height>
		<depth>3</depth>
	</size>
	<segmented>0</segmented>
	<object>
		<name>Capybara</name>
		<pose>Unspecified</pose>
		<truncated>0</truncated>
		<difficult>0</difficult>
		<bndbox>
			<xmin>70</xmin>
			<ymin>196</ymin>
			<xmax>223</xmax>
			<ymax>365</ymax>
		</bndbox>
	</object>
	<object>
		<name>Capybara</name>
		<pose>Unspecified</pose>
		<truncated>0</truncated>
		<difficult>0</difficult>
		<bndbox>
			<xmin>168</xmin>
			<ymin>302</ymin>
			<xmax>460</xmax>
			<ymax>733</ymax>
		</bndbox>
	</object>
	<object>
		<name>Capybara</name>
		<pose>Unspecified</pose>
		<truncated>0</truncated>
		<difficult>0</difficult>
		<bndbox>
			<xmin>391</xmin>
			<ymin>166</ymin>
			<xmax>496</xmax>
			<ymax>311</ymax>
		</bndbox>
	</object>
</annotation>