<?xml version='1.0' encoding='UTF-8'?>
<annotation>
  <filename>Kangaroo_150.jpg</filename>
  <size>
    <width>644</width>
    <height>799</height>
    <depth>3</depth>
  </size>
  <segmented>0</segmented>
  <object>
    <name>Kangaroo</name>
    <pose>Unspecified</pose>
    <truncated>0</truncated>
    <difficult>0</difficult>
    <bndbox>
      <xmin>183</xmin>
      <ymin>176</ymin>
      <xmax>430</xmax>
      <ymax>791</ymax>
    </bndbox>
  </object>
  <object>
    <name>Kangaroo</name>
    <pose>Unspecified</pose>
    <truncated>0</truncated>
    <difficult>0</difficult>
    <bndbox>
      <xmin>182</xmin>
      <ymin>125</ymin>
      <xmax>368</xmax>
      <ymax>545</ymax>
    </bndbox>
  </object>
</annotation>