<?xml version='1.0' encoding='UTF-8'?>
<annotation>
  <filename>Kangaroo_117.jpg</filename>
  <size>
    <width>799</width>
    <height>529</height>
    <depth>3</depth>
  </size>
  <segmented>0</segmented>
  <object>
    <name>Kangaroo</name>
    <pose>Unspecified</pose>
    <truncated>0</truncated>
    <difficult>0</difficult>
    <bndbox>
      <xmin>145</xmin>
      <ymin>186</ymin>
      <xmax>265</xmax>
      <ymax>491</ymax>
    </bndbox>
  </object>
  <object>
    <name>Kangaroo</name>
    <pose>Unspecified</pose>
    <truncated>0</truncated>
    <difficult>0</difficult>
    <bndbox>
      <xmin>334</xmin>
      <ymin>58</ymin>
      <xmax>631</xmax>
      <ymax>487</ymax>
    </bndbox>
  </object>
</annotation>