<?xml version='1.0' encoding='UTF-8'?>
<annotation>
  <filename>Kangaroo_11.jpg</filename>
  <size>
    <width>799</width>
    <height>533</height>
    <depth>3</depth>
  </size>
  <segmented>0</segmented>
  <object>
    <name>Kangaroo</name>
    <pose>Unspecified</pose>
    <truncated>0</truncated>
    <difficult>0</difficult>
    <bndbox>
      <xmin>218</xmin>
      <ymin>147</ymin>
      <xmax>798</xmax>
      <ymax>441</ymax>
    </bndbox>
  </object>
  <object>
    <name>Kangaroo</name>
    <pose>Unspecified</pose>
    <truncated>0</truncated>
    <difficult>0</difficult>
    <bndbox>
      <xmin>14</xmin>
      <ymin>153</ymin>
      <xmax>203</xmax>
      <ymax>357</ymax>
    </bndbox>
  </object>
  <object>
    <name>Kangaroo</name>
    <pose>Unspecified</pose>
    <truncated>0</truncated>
    <difficult>0</difficult>
    <bndbox>
      <xmin>658</xmin>
      <ymin>153</ymin>
      <xmax>799</xmax>
      <ymax>267</ymax>
    </bndbox>
  </object>
</annotation>