<?xml version='1.0' encoding='UTF-8'?>
<annotation>
  <filename>Kangaroo_164.jpg</filename>
  <size>
    <width>800</width>
    <height>600</height>
    <depth>3</depth>
  </size>
  <segmented>0</segmented>
  <object>
    <name>Kangaroo</name>
    <pose>Unspecified</pose>
    <truncated>0</truncated>
    <difficult>0</difficult>
    <bndbox>
      <xmin>2</xmin>
      <ymin>183</ymin>
      <xmax>729</xmax>
      <ymax>494</ymax>
    </bndbox>
  </object>
  <object>
    <name>Kangaroo</name>
    <pose>Unspecified</pose>
    <truncated>0</truncated>
    <difficult>0</difficult>
    <bndbox>
      <xmin>1</xmin>
      <ymin>7</ymin>
      <xmax>602</xmax>
      <ymax>274</ymax>
    </bndbox>
  </object>
</annotation>