<?xml version='1.0' encoding='UTF-8'?>
<annotation>
  <filename>Kangaroo_329.jpg</filename>
  <size>
    <width>687</width>
    <height>800</height>
    <depth>3</depth>
  </size>
  <segmented>0</segmented>
  <object>
    <name>Kangaroo</name>
    <pose>Unspecified</pose>
    <truncated>0</truncated>
    <difficult>0</difficult>
    <bndbox>
      <xmin>26</xmin>
      <ymin>203</ymin>
      <xmax>556</xmax>
      <ymax>795</ymax>
    </bndbox>
  </object>
  <object>
    <name>Kangaroo</name>
    <pose>Unspecified</pose>
    <truncated>0</truncated>
    <difficult>0</difficult>
    <bndbox>
      <xmin>175</xmin>
      <ymin>1</ymin>
      <xmax>687</xmax>
      <ymax>798</ymax>
    </bndbox>
  </object>
</annotation>