<?xml version='1.0' encoding='UTF-8'?>
<annotation>
  <filename>Kangaroo_357.jpg</filename>
  <size>
    <width>600</width>
    <height>800</height>
    <depth>3</depth>
  </size>
  <segmented>0</segmented>
  <object>
    <name>Kangaroo</name>
    <pose>Unspecified</pose>
    <truncated>0</truncated>
    <difficult>0</difficult>
    <bndbox>
      <xmin>0</xmin>
      <ymin>105</ymin>
      <xmax>413</xmax>
      <ymax>800</ymax>
    </bndbox>
  </object>
  <object>
    <name>Kangaroo</name>
    <pose>Unspecified</pose>
    <truncated>0</truncated>
    <difficult>0</difficult>
    <bndbox>
      <xmin>120</xmin>
      <ymin>521</ymin>
      <xmax>600</xmax>
      <ymax>798</ymax>
    </bndbox>
  </object>
</annotation>