<?xml version='1.0' encoding='UTF-8'?>
<annotation>
  <filename>Kangaroo_337.jpg</filename>
  <size>
    <width>800</width>
    <height>536</height>
    <depth>3</depth>
  </size>
  <segmented>0</segmented>
  <object>
    <name>Kangaroo</name>
    <pose>Unspecified</pose>
    <truncated>0</truncated>
    <difficult>0</difficult>
    <bndbox>
      <xmin>323</xmin>
      <ymin>162</ymin>
      <xmax>800</xmax>
      <ymax>437</ymax>
    </bndbox>
  </object>
  <object>
    <name>Kangaroo</name>
    <pose>Unspecified</pose>
    <truncated>0</truncated>
    <difficult>0</difficult>
    <bndbox>
      <xmin>86</xmin>
      <ymin>239</ymin>
      <xmax>294</xmax>
      <ymax>458</ymax>
    </bndbox>
  </object>
  <object>
    <name>Kangaroo</name>
    <pose>Unspecified</pose>
    <truncated>0</truncated>
    <difficult>0</difficult>
    <bndbox>
      <xmin>2</xmin>
      <ymin>1</ymin>
      <xmax>212</xmax>
      <ymax>463</ymax>
    </bndbox>
  </object>
</annotation>