<?xml version='1.0' encoding='UTF-8'?>
<annotation>
  <filename>Kangaroo_78.jpg</filename>
  <size>
    <width>799</width>
    <height>533</height>
    <depth>3</depth>
  </size>
  <segmented>0</segmented>
  <object>
    <name>Kangaroo</name>
    <pose>Unspecified</pose>
    <truncated>0</truncated>
    <difficult>0</difficult>
    <bndbox>
      <xmin>161</xmin>
      <ymin>106</ymin>
      <xmax>586</xmax>
      <ymax>383</ymax>
    </bndbox>
  </object>
  <object>
    <name>Kangaroo</name>
    <pose>Unspecified</pose>
    <truncated>0</truncated>
    <difficult>0</difficult>
    <bndbox>
      <xmin>223</xmin>
      <ymin>256</ymin>
      <xmax>315</xmax>
      <ymax>373</ymax>
    </bndbox>
  </object>
</annotation>