<?xml version='1.0' encoding='UTF-8'?>
<annotation>
  <filename>Kangaroo_77.jpg</filename>
  <size>
    <width>533</width>
    <height>799</height>
    <depth>3</depth>
  </size>
  <segmented>0</segmented>
  <object>
    <name>Kangaroo</name>
    <pose>Unspecified</pose>
    <truncated>0</truncated>
    <difficult>0</difficult>
    <bndbox>
      <xmin>124</xmin>
      <ymin>51</ymin>
      <xmax>533</xmax>
      <ymax>694</ymax>
    </bndbox>
  </object>
  <object>
    <name>Kangaroo</name>
    <pose>Unspecified</pose>
    <truncated>0</truncated>
    <difficult>0</difficult>
    <bndbox>
      <xmin>1</xmin>
      <ymin>188</ymin>
      <xmax>498</xmax>
      <ymax>567</ymax>
    </bndbox>
  </object>
</annotation>