<?xml version='1.0' encoding='UTF-8'?>
<annotation>
  <filename>Kangaroo_25.jpg</filename>
  <size>
    <width>800</width>
    <height>600</height>
    <depth>3</depth>
  </size>
  <segmented>0</segmented>
  <object>
    <name>Kangaroo</name>
    <pose>Unspecified</pose>
    <truncated>0</truncated>
    <difficult>0</difficult>
    <bndbox>
      <xmin>1</xmin>
      <ymin>102</ymin>
      <xmax>541</xmax>
      <ymax>494</ymax>
    </bndbox>
  </object>
  <object>
    <name>Kangaroo</name>
    <pose>Unspecified</pose>
    <truncated>0</truncated>
    <difficult>0</difficult>
    <bndbox>
      <xmin>440</xmin>
      <ymin>289</ymin>
      <xmax>716</xmax>
      <ymax>472</ymax>
    </bndbox>
  </object>
</annotation>