<?xml version='1.0' encoding='UTF-8'?>
<annotation>
  <filename>Kangaroo_176.jpg</filename>
  <size>
    <width>536</width>
    <height>800</height>
    <depth>3</depth>
  </size>
  <segmented>0</segmented>
  <object>
    <name>Kangaroo</name>
    <pose>Unspecified</pose>
    <truncated>0</truncated>
    <difficult>0</difficult>
    <bndbox>
      <xmin>29</xmin>
      <ymin>212</ymin>
      <xmax>434</xmax>
      <ymax>699</ymax>
    </bndbox>
  </object>
  <object>
    <name>Kangaroo</name>
    <pose>Unspecified</pose>
    <truncated>0</truncated>
    <difficult>0</difficult>
    <bndbox>
      <xmin>227</xmin>
      <ymin>462</ymin>
      <xmax>452</xmax>
      <ymax>693</ymax>
    </bndbox>
  </object>
</annotation>