<?xml version='1.0' encoding='UTF-8'?>
<annotation>
  <filename>Kangaroo_128.jpg</filename>
  <size>
    <width>800</width>
    <height>623</height>
    <depth>3</depth>
  </size>
  <segmented>0</segmented>
  <object>
    <name>Kangaroo</name>
    <pose>Unspecified</pose>
    <truncated>0</truncated>
    <difficult>0</difficult>
    <bndbox>
      <xmin>391</xmin>
      <ymin>169</ymin>
      <xmax>648</xmax>
      <ymax>588</ymax>
    </bndbox>
  </object>
  <object>
    <name>Kangaroo</name>
    <pose>Unspecified</pose>
    <truncated>0</truncated>
    <difficult>0</difficult>
    <bndbox>
      <xmin>1</xmin>
      <ymin>306</ymin>
      <xmax>585</xmax>
      <ymax>575</ymax>
    </bndbox>
  </object>
  <object>
    <name>Kangaroo</name>
    <pose>Unspecified</pose>
    <truncated>0</truncated>
    <difficult>0</difficult>
    <bndbox>
      <xmin>417</xmin>
      <ymin>1</ymin>
      <xmax>779</xmax>
      <ymax>567</ymax>
    </bndbox>
  </object>
</annotation>