<?xml version='1.0' encoding='UTF-8'?>
<annotation>
  <filename>Kangaroo_20.jpg</filename>
  <size>
    <width>800</width>
    <height>600</height>
    <depth>3</depth>
  </size>
  <segmented>0</segmented>
  <object>
    <name>Kangaroo</name>
    <pose>Unspecified</pose>
    <truncated>0</truncated>
    <difficult>0</difficult>
    <bndbox>
      <xmin>203</xmin>
      <ymin>85</ymin>
      <xmax>748</xmax>
      <ymax>568</ymax>
    </bndbox>
  </object>
  <object>
    <name>Kangaroo</name>
    <pose>Unspecified</pose>
    <truncated>0</truncated>
    <difficult>0</difficult>
    <bndbox>
      <xmin>528</xmin>
      <ymin>0</ymin>
      <xmax>800</xmax>
      <ymax>218</ymax>
    </bndbox>
  </object>
</annotation>