<?xml version='1.0' encoding='UTF-8'?>
<annotation>
  <filename>Kangaroo_217.jpg</filename>
  <size>
    <width>799</width>
    <height>533</height>
    <depth>3</depth>
  </size>
  <segmented>0</segmented>
  <object>
    <name>Kangaroo</name>
    <pose>Unspecified</pose>
    <truncated>0</truncated>
    <difficult>0</difficult>
    <bndbox>
      <xmin>84</xmin>
      <ymin>151</ymin>
      <xmax>661</xmax>
      <ymax>465</ymax>
    </bndbox>
  </object>
  <object>
    <name>Kangaroo</name>
    <pose>Unspecified</pose>
    <truncated>0</truncated>
    <difficult>0</difficult>
    <bndbox>
      <xmin>448</xmin>
      <ymin>6</ymin>
      <xmax>797</xmax>
      <ymax>209</ymax>
    </bndbox>
  </object>
</annotation>