<?xml version='1.0' encoding='UTF-8'?>
<annotation>
  <filename>Kangaroo_378.jpg</filename>
  <size>
    <width>800</width>
    <height>584</height>
    <depth>3</depth>
  </size>
  <segmented>0</segmented>
  <object>
    <name>Kangaroo</name>
    <pose>Unspecified</pose>
    <truncated>0</truncated>
    <difficult>0</difficult>
    <bndbox>
      <xmin>314</xmin>
      <ymin>46</ymin>
      <xmax>782</xmax>
      <ymax>536</ymax>
    </bndbox>
  </object>
  <object>
    <name>Kangaroo</name>
    <pose>Unspecified</pose>
    <truncated>0</truncated>
    <difficult>0</difficult>
    <bndbox>
      <xmin>305</xmin>
      <ymin>349</ymin>
      <xmax>436</xmax>
      <ymax>528</ymax>
    </bndbox>
  </object>
  <object>
    <name>Kangaroo</name>
    <pose>Unspecified</pose>
    <truncated>0</truncated>
    <difficult>0</difficult>
    <bndbox>
      <xmin>537</xmin>
      <ymin>224</ymin>
      <xmax>799</xmax>
      <ymax>440</ymax>
    </bndbox>
  </object>
</annotation>