<?xml version='1.0' encoding='UTF-8'?>
<annotation>
  <filename>Kangaroo_186.jpg</filename>
  <size>
    <width>800</width>
    <height>600</height>
    <depth>3</depth>
  </size>
  <segmented>0</segmented>
  <object>
    <name>Kangaroo</name>
    <pose>Unspecified</pose>
    <truncated>0</truncated>
    <difficult>0</difficult>
    <bndbox>
      <xmin>1</xmin>
      <ymin>199</ymin>
      <xmax>517</xmax>
      <ymax>514</ymax>
    </bndbox>
  </object>
  <object>
    <name>Kangaroo</name>
    <pose>Unspecified</pose>
    <truncated>0</truncated>
    <difficult>0</difficult>
    <bndbox>
      <xmin>88</xmin>
      <ymin>281</ymin>
      <xmax>271</xmax>
      <ymax>372</ymax>
    </bndbox>
  </object>
</annotation>