<?xml version='1.0' encoding='UTF-8'?>
<annotation>
  <filename>Kangaroo_30.jpg</filename>
  <size>
    <width>800</width>
    <height>600</height>
    <depth>3</depth>
  </size>
  <segmented>0</segmented>
  <object>
    <name>Kangaroo</name>
    <pose>Unspecified</pose>
    <truncated>0</truncated>
    <difficult>0</difficult>
    <bndbox>
      <xmin>292</xmin>
      <ymin>153</ymin>
      <xmax>604</xmax>
      <ymax>407</ymax>
    </bndbox>
  </object>
  <object>
    <name>Kangaroo</name>
    <pose>Unspecified</pose>
    <truncated>0</truncated>
    <difficult>0</difficult>
    <bndbox>
      <xmin>1</xmin>
      <ymin>0</ymin>
      <xmax>751</xmax>
      <ymax>596</ymax>
    </bndbox>
  </object>
</annotation>