<?xml version='1.0' encoding='UTF-8'?>
<annotation>
  <filename>Kangaroo_163.jpg</filename>
  <size>
    <width>600</width>
    <height>800</height>
    <depth>3</depth>
  </size>
  <segmented>0</segmented>
  <object>
    <name>Kangaroo</name>
    <pose>Unspecified</pose>
    <truncated>0</truncated>
    <difficult>0</difficult>
    <bndbox>
      <xmin>32</xmin>
      <ymin>202</ymin>
      <xmax>219</xmax>
      <ymax>322</ymax>
    </bndbox>
  </object>
  <object>
    <name>Kangaroo</name>
    <pose>Unspecified</pose>
    <truncated>0</truncated>
    <difficult>0</difficult>
    <bndbox>
      <xmin>264</xmin>
      <ymin>1</ymin>
      <xmax>600</xmax>
      <ymax>800</ymax>
    </bndbox>
  </object>
</annotation>