<?xml version='1.0' encoding='UTF-8'?>
<annotation>
  <filename>Kangaroo_87.jpg</filename>
  <size>
    <width>799</width>
    <height>533</height>
    <depth>3</depth>
  </size>
  <segmented>0</segmented>
  <object>
    <name>Kangaroo</name>
    <pose>Unspecified</pose>
    <truncated>0</truncated>
    <difficult>0</difficult>
    <bndbox>
      <xmin>184</xmin>
      <ymin>361</ymin>
      <xmax>286</xmax>
      <ymax>465</ymax>
    </bndbox>
  </object>
  <object>
    <name>Kangaroo</name>
    <pose>Unspecified</pose>
    <truncated>0</truncated>
    <difficult>0</difficult>
    <bndbox>
      <xmin>149</xmin>
      <ymin>64</ymin>
      <xmax>332</xmax>
      <ymax>516</ymax>
    </bndbox>
  </object>
  <object>
    <name>Kangaroo</name>
    <pose>Unspecified</pose>
    <truncated>0</truncated>
    <difficult>0</difficult>
    <bndbox>
      <xmin>366</xmin>
      <ymin>58</ymin>
      <xmax>516</xmax>
      <ymax>428</ymax>
    </bndbox>
  </object>
  <object>
    <name>Kangaroo</name>
    <pose>Unspecified</pose>
    <truncated>0</truncated>
    <difficult>0</difficult>
    <bndbox>
      <xmin>93</xmin>
      <ymin>115</ymin>
      <xmax>339</xmax>
      <ymax>393</ymax>
    </bndbox>
  </object>
</annotation>