<?xml version='1.0' encoding='UTF-8'?>
<annotation>
  <filename>Kangaroo_103.jpg</filename>
  <size>
    <width>799</width>
    <height>533</height>
    <depth>3</depth>
  </size>
  <segmented>0</segmented>
  <object>
    <name>Kangaroo</name>
    <pose>Unspecified</pose>
    <truncated>0</truncated>
    <difficult>0</difficult>
    <bndbox>
      <xmin>172</xmin>
      <ymin>212</ymin>
      <xmax>601</xmax>
      <ymax>532</ymax>
    </bndbox>
  </object>
  <object>
    <name>Kangaroo</name>
    <pose>Unspecified</pose>
    <truncated>0</truncated>
    <difficult>0</difficult>
    <bndbox>
      <xmin>422</xmin>
      <ymin>222</ymin>
      <xmax>652</xmax>
      <ymax>533</ymax>
    </bndbox>
  </object>
</annotation>