<?xml version='1.0' encoding='UTF-8'?>
<annotation>
  <filename>Kangaroo_240.jpg</filename>
  <size>
    <width>800</width>
    <height>536</height>
    <depth>3</depth>
  </size>
  <segmented>0</segmented>
  <object>
    <name>Kangaroo</name>
    <pose>Unspecified</pose>
    <truncated>0</truncated>
    <difficult>0</difficult>
    <bndbox>
      <xmin>178</xmin>
      <ymin>278</ymin>
      <xmax>623</xmax>
      <ymax>473</ymax>
    </bndbox>
  </object>
  <object>
    <name>Kangaroo</name>
    <pose>Unspecified</pose>
    <truncated>0</truncated>
    <difficult>0</difficult>
    <bndbox>
      <xmin>223</xmin>
      <ymin>21</ymin>
      <xmax>799</xmax>
      <ymax>492</ymax>
    </bndbox>
  </object>
  <object>
    <name>Kangaroo</name>
    <pose>Unspecified</pose>
    <truncated>0</truncated>
    <difficult>0</difficult>
    <bndbox>
      <xmin>558</xmin>
      <ymin>78</ymin>
      <xmax>800</xmax>
      <ymax>319</ymax>
    </bndbox>
  </object>
</annotation>