<?xml version='1.0' encoding='UTF-8'?>
<annotation>
  <filename>Kangaroo_317.jpg</filename>
  <size>
    <width>800</width>
    <height>600</height>
    <depth>3</depth>
  </size>
  <segmented>0</segmented>
  <object>
    <name>Kangaroo</name>
    <pose>Unspecified</pose>
    <truncated>0</truncated>
    <difficult>0</difficult>
    <bndbox>
      <xmin>302</xmin>
      <ymin>259</ymin>
      <xmax>709</xmax>
      <ymax>466</ymax>
    </bndbox>
  </object>
  <object>
    <name>Kangaroo</name>
    <pose>Unspecified</pose>
    <truncated>0</truncated>
    <difficult>0</difficult>
    <bndbox>
      <xmin>1</xmin>
      <ymin>76</ymin>
      <xmax>444</xmax>
      <ymax>538</ymax>
    </bndbox>
  </object>
</annotation>