<?xml version='1.0' encoding='UTF-8'?>
<annotation>
  <filename>Kangaroo_148.jpg</filename>
  <size>
    <width>800</width>
    <height>532</height>
    <depth>3</depth>
  </size>
  <segmented>0</segmented>
  <object>
    <name>Kangaroo</name>
    <pose>Unspecified</pose>
    <truncated>0</truncated>
    <difficult>0</difficult>
    <bndbox>
      <xmin>382</xmin>
      <ymin>256</ymin>
      <xmax>461</xmax>
      <ymax>335</ymax>
    </bndbox>
  </object>
  <object>
    <name>Kangaroo</name>
    <pose>Unspecified</pose>
    <truncated>0</truncated>
    <difficult>0</difficult>
    <bndbox>
      <xmin>271</xmin>
      <ymin>0</ymin>
      <xmax>799</xmax>
      <ymax>428</ymax>
    </bndbox>
  </object>
  <object>
    <name>Kangaroo</name>
    <pose>Unspecified</pose>
    <truncated>0</truncated>
    <difficult>0</difficult>
    <bndbox>
      <xmin>534</xmin>
      <ymin>92</ymin>
      <xmax>800</xmax>
      <ymax>333</ymax>
    </bndbox>
  </object>
  <object>
    <name>Kangaroo</name>
    <pose>Unspecified</pose>
    <truncated>0</truncated>
    <difficult>0</difficult>
    <bndbox>
      <xmin>1</xmin>
      <ymin>73</ymin>
      <xmax>165</xmax>
      <ymax>342</ymax>
    </bndbox>
  </object>
</annotation>