<?xml version='1.0' encoding='UTF-8'?>
<annotation>
  <filename>Kangaroo_82.jpg</filename>
  <size>
    <width>800</width>
    <height>600</height>
    <depth>3</depth>
  </size>
  <segmented>0</segmented>
  <object>
    <name>Kangaroo</name>
    <pose>Unspecified</pose>
    <truncated>0</truncated>
    <difficult>0</difficult>
    <bndbox>
      <xmin>254</xmin>
      <ymin>135</ymin>
      <xmax>541</xmax>
      <ymax>464</ymax>
    </bndbox>
  </object>
  <object>
    <name>Kangaroo</name>
    <pose>Unspecified</pose>
    <truncated>0</truncated>
    <difficult>0</difficult>
    <bndbox>
      <xmin>127</xmin>
      <ymin>1</ymin>
      <xmax>451</xmax>
      <ymax>454</ymax>
    </bndbox>
  </object>
</annotation>