<?xml version='1.0' encoding='UTF-8'?>
<annotation>
  <filename>Kangaroo_276.jpg</filename>
  <size>
    <width>799</width>
    <height>476</height>
    <depth>3</depth>
  </size>
  <segmented>0</segmented>
  <object>
    <name>Kangaroo</name>
    <pose>Unspecified</pose>
    <truncated>0</truncated>
    <difficult>0</difficult>
    <bndbox>
      <xmin>178</xmin>
      <ymin>83</ymin>
      <xmax>708</xmax>
      <ymax>399</ymax>
    </bndbox>
  </object>
  <object>
    <name>Kangaroo</name>
    <pose>Unspecified</pose>
    <truncated>0</truncated>
    <difficult>0</difficult>
    <bndbox>
      <xmin>142</xmin>
      <ymin>81</ymin>
      <xmax>433</xmax>
      <ymax>308</ymax>
    </bndbox>
  </object>
</annotation>