<?xml version='1.0' encoding='UTF-8'?>
<annotation>
  <filename>Kangaroo_381.jpg</filename>
  <size>
    <width>800</width>
    <height>600</height>
    <depth>3</depth>
  </size>
  <segmented>0</segmented>
  <object>
    <name>Kangaroo</name>
    <pose>Unspecified</pose>
    <truncated>0</truncated>
    <difficult>0</difficult>
    <bndbox>
      <xmin>90</xmin>
      <ymin>101</ymin>
      <xmax>419</xmax>
      <ymax>597</ymax>
    </bndbox>
  </object>
  <object>
    <name>Kangaroo</name>
    <pose>Unspecified</pose>
    <truncated>0</truncated>
    <difficult>0</difficult>
    <bndbox>
      <xmin>394</xmin>
      <ymin>312</ymin>
      <xmax>646</xmax>
      <ymax>599</ymax>
    </bndbox>
  </object>
</annotation>