<?xml version='1.0' encoding='UTF-8'?>
<annotation>
  <filename>Kangaroo_301.jpg</filename>
  <size>
    <width>601</width>
    <height>800</height>
    <depth>3</depth>
  </size>
  <segmented>0</segmented>
  <object>
    <name>Kangaroo</name>
    <pose>Unspecified</pose>
    <truncated>0</truncated>
    <difficult>0</difficult>
    <bndbox>
      <xmin>5</xmin>
      <ymin>289</ymin>
      <xmax>286</xmax>
      <ymax>610</ymax>
    </bndbox>
  </object>
  <object>
    <name>Kangaroo</name>
    <pose>Unspecified</pose>
    <truncated>0</truncated>
    <difficult>0</difficult>
    <bndbox>
      <xmin>264</xmin>
      <ymin>397</ymin>
      <xmax>601</xmax>
      <ymax>609</ymax>
    </bndbox>
  </object>
</annotation>