<?xml version='1.0' encoding='UTF-8'?>
<annotation>
  <filename>Kangaroo_334.jpg</filename>
  <size>
    <width>800</width>
    <height>533</height>
    <depth>3</depth>
  </size>
  <segmented>0</segmented>
  <object>
    <name>Kangaroo</name>
    <pose>Unspecified</pose>
    <truncated>0</truncated>
    <difficult>0</difficult>
    <bndbox>
      <xmin>192</xmin>
      <ymin>144</ymin>
      <xmax>574</xmax>
      <ymax>515</ymax>
    </bndbox>
  </object>
  <object>
    <name>Kangaroo</name>
    <pose>Unspecified</pose>
    <truncated>0</truncated>
    <difficult>0</difficult>
    <bndbox>
      <xmin>484</xmin>
      <ymin>113</ymin>
      <xmax>690</xmax>
      <ymax>269</ymax>
    </bndbox>
  </object>
  <object>
    <name>Kangaroo</name>
    <pose>Unspecified</pose>
    <truncated>0</truncated>
    <difficult>0</difficult>
    <bndbox>
      <xmin>55</xmin>
      <ymin>151</ymin>
      <xmax>299</xmax>
      <ymax>320</ymax>
    </bndbox>
  </object>
</annotation>