<?xml version='1.0' encoding='UTF-8'?>
<annotation>
  <filename>Kangaroo_314.jpg</filename>
  <size>
    <width>800</width>
    <height>684</height>
    <depth>3</depth>
  </size>
  <segmented>0</segmented>
  <object>
    <name>Kangaroo</name>
    <pose>Unspecified</pose>
    <truncated>0</truncated>
    <difficult>0</difficult>
    <bndbox>
      <xmin>97</xmin>
      <ymin>126</ymin>
      <xmax>568</xmax>
      <ymax>544</ymax>
    </bndbox>
  </object>
  <object>
    <name>Kangaroo</name>
    <pose>Unspecified</pose>
    <truncated>0</truncated>
    <difficult>0</difficult>
    <bndbox>
      <xmin>206</xmin>
      <ymin>99</ymin>
      <xmax>349</xmax>
      <ymax>184</ymax>
    </bndbox>
  </object>
</annotation>