<?xml version='1.0' encoding='UTF-8'?>
<annotation>
  <filename>Kangaroo_201.jpg</filename>
  <size>
    <width>630</width>
    <height>799</height>
    <depth>3</depth>
  </size>
  <segmented>0</segmented>
  <object>
    <name>Kangaroo</name>
    <pose>Unspecified</pose>
    <truncated>0</truncated>
    <difficult>0</difficult>
    <bndbox>
      <xmin>340</xmin>
      <ymin>127</ymin>
      <xmax>559</xmax>
      <ymax>687</ymax>
    </bndbox>
  </object>
  <object>
    <name>Kangaroo</name>
    <pose>Unspecified</pose>
    <truncated>0</truncated>
    <difficult>0</difficult>
    <bndbox>
      <xmin>0</xmin>
      <ymin>157</ymin>
      <xmax>328</xmax>
      <ymax>341</ymax>
    </bndbox>
  </object>
</annotation>