<?xml version='1.0' encoding='UTF-8'?>
<annotation>
  <filename>Kangaroo_75.jpg</filename>
  <size>
    <width>533</width>
    <height>799</height>
    <depth>3</depth>
  </size>
  <segmented>0</segmented>
  <object>
    <name>Kangaroo</name>
    <pose>Unspecified</pose>
    <truncated>0</truncated>
    <difficult>0</difficult>
    <bndbox>
      <xmin>122</xmin>
      <ymin>37</ymin>
      <xmax>461</xmax>
      <ymax>799</ymax>
    </bndbox>
  </object>
  <object>
    <name>Kangaroo</name>
    <pose>Unspecified</pose>
    <truncated>0</truncated>
    <difficult>0</difficult>
    <bndbox>
      <xmin>206</xmin>
      <ymin>569</ymin>
      <xmax>396</xmax>
      <ymax>736</ymax>
    </bndbox>
  </object>
</annotation>