<?xml version='1.0' encoding='UTF-8'?>
<annotation>
  <filename>Kangaroo_292.jpg</filename>
  <size>
    <width>800</width>
    <height>600</height>
    <depth>3</depth>
  </size>
  <segmented>0</segmented>
  <object>
    <name>Kangaroo</name>
    <pose>Unspecified</pose>
    <truncated>0</truncated>
    <difficult>0</difficult>
    <bndbox>
      <xmin>325</xmin>
      <ymin>327</ymin>
      <xmax>800</xmax>
      <ymax>599</ymax>
    </bndbox>
  </object>
  <object>
    <name>Kangaroo</name>
    <pose>Unspecified</pose>
    <truncated>0</truncated>
    <difficult>0</difficult>
    <bndbox>
      <xmin>38</xmin>
      <ymin>27</ymin>
      <xmax>381</xmax>
      <ymax>600</ymax>
    </bndbox>
  </object>
</annotation>