<?xml version='1.0' encoding='UTF-8'?>
<annotation>
  <filename>Kangaroo_10.jpg</filename>
  <size>
    <width>800</width>
    <height>568</height>
    <depth>3</depth>
  </size>
  <segmented>0</segmented>
  <object>
    <name>Kangaroo</name>
    <pose>Unspecified</pose>
    <truncated>0</truncated>
    <difficult>0</difficult>
    <bndbox>
      <xmin>42</xmin>
      <ymin>66</ymin>
      <xmax>760</xmax>
      <ymax>462</ymax>
    </bndbox>
  </object>
  <object>
    <name>Kangaroo</name>
    <pose>Unspecified</pose>
    <truncated>0</truncated>
    <difficult>0</difficult>
    <bndbox>
      <xmin>655</xmin>
      <ymin>1</ymin>
      <xmax>800</xmax>
      <ymax>197</ymax>
    </bndbox>
  </object>
</annotation>