<?xml version='1.0' encoding='UTF-8'?>
<annotation>
  <filename>Kangaroo_203.jpg</filename>
  <size>
    <width>800</width>
    <height>530</height>
    <depth>3</depth>
  </size>
  <segmented>0</segmented>
  <object>
    <name>Kangaroo</name>
    <pose>Unspecified</pose>
    <truncated>0</truncated>
    <difficult>0</difficult>
    <bndbox>
      <xmin>439</xmin>
      <ymin>181</ymin>
      <xmax>654</xmax>
      <ymax>530</ymax>
    </bndbox>
  </object>
  <object>
    <name>Kangaroo</name>
    <pose>Unspecified</pose>
    <truncated>0</truncated>
    <difficult>0</difficult>
    <bndbox>
      <xmin>1</xmin>
      <ymin>25</ymin>
      <xmax>326</xmax>
      <ymax>519</ymax>
    </bndbox>
  </object>
</annotation>