<?xml version='1.0' encoding='UTF-8'?>
<annotation>
  <filename>Kangaroo_323.jpg</filename>
  <size>
    <width>800</width>
    <height>601</height>
    <depth>3</depth>
  </size>
  <segmented>0</segmented>
  <object>
    <name>Kangaroo</name>
    <pose>Unspecified</pose>
    <truncated>0</truncated>
    <difficult>0</difficult>
    <bndbox>
      <xmin>97</xmin>
      <ymin>1</ymin>
      <xmax>800</xmax>
      <ymax>570</ymax>
    </bndbox>
  </object>
  <object>
    <name>Kangaroo</name>
    <pose>Unspecified</pose>
    <truncated>0</truncated>
    <difficult>0</difficult>
    <bndbox>
      <xmin>172</xmin>
      <ymin>301</ymin>
      <xmax>758</xmax>
      <ymax>540</ymax>
    </bndbox>
  </object>
</annotation>