<?xml version='1.0' encoding='UTF-8'?>
<annotation>
  <filename>Kangaroo_326.jpg</filename>
  <size>
    <width>800</width>
    <height>720</height>
    <depth>3</depth>
  </size>
  <segmented>0</segmented>
  <object>
    <name>Kangaroo</name>
    <pose>Unspecified</pose>
    <truncated>0</truncated>
    <difficult>0</difficult>
    <bndbox>
      <xmin>74</xmin>
      <ymin>354</ymin>
      <xmax>327</xmax>
      <ymax>644</ymax>
    </bndbox>
  </object>
  <object>
    <name>Kangaroo</name>
    <pose>Unspecified</pose>
    <truncated>0</truncated>
    <difficult>0</difficult>
    <bndbox>
      <xmin>243</xmin>
      <ymin>52</ymin>
      <xmax>675</xmax>
      <ymax>642</ymax>
    </bndbox>
  </object>
</annotation>