<?xml version='1.0' encoding='UTF-8'?>
<annotation>
  <filename>Kangaroo_330.jpg</filename>
  <size>
    <width>799</width>
    <height>533</height>
    <depth>3</depth>
  </size>
  <segmented>0</segmented>
  <object>
    <name>Kangaroo</name>
    <pose>Unspecified</pose>
    <truncated>0</truncated>
    <difficult>0</difficult>
    <bndbox>
      <xmin>441</xmin>
      <ymin>198</ymin>
      <xmax>639</xmax>
      <ymax>419</ymax>
    </bndbox>
  </object>
  <object>
    <name>Kangaroo</name>
    <pose>Unspecified</pose>
    <truncated>0</truncated>
    <difficult>0</difficult>
    <bndbox>
      <xmin>127</xmin>
      <ymin>52</ymin>
      <xmax>317</xmax>
      <ymax>522</ymax>
    </bndbox>
  </object>
</annotation>