<?xml version='1.0' encoding='UTF-8'?>
<annotation>
  <filename>Kangaroo_19.jpg</filename>
  <size>
    <width>533</width>
    <height>799</height>
    <depth>3</depth>
  </size>
  <segmented>0</segmented>
  <object>
    <name>Kangaroo</name>
    <pose>Unspecified</pose>
    <truncated>0</truncated>
    <difficult>0</difficult>
    <bndbox>
      <xmin>0</xmin>
      <ymin>157</ymin>
      <xmax>394</xmax>
      <ymax>706</ymax>
    </bndbox>
  </object>
  <object>
    <name>Kangaroo</name>
    <pose>Unspecified</pose>
    <truncated>0</truncated>
    <difficult>0</difficult>
    <bndbox>
      <xmin>0</xmin>
      <ymin>9</ymin>
      <xmax>407</xmax>
      <ymax>360</ymax>
    </bndbox>
  </object>
</annotation>