<?xml version='1.0' encoding='UTF-8'?>
<annotation>
  <filename>Kangaroo_51.jpg</filename>
  <size>
    <width>532</width>
    <height>799</height>
    <depth>3</depth>
  </size>
  <segmented>0</segmented>
  <object>
    <name>Kangaroo</name>
    <pose>Unspecified</pose>
    <truncated>0</truncated>
    <difficult>0</difficult>
    <bndbox>
      <xmin>0</xmin>
      <ymin>1</ymin>
      <xmax>529</xmax>
      <ymax>722</ymax>
    </bndbox>
  </object>
  <object>
    <name>Kangaroo</name>
    <pose>Unspecified</pose>
    <truncated>0</truncated>
    <difficult>0</difficult>
    <bndbox>
      <xmin>349</xmin>
      <ymin>482</ymin>
      <xmax>519</xmax>
      <ymax>711</ymax>
    </bndbox>
  </object>
</annotation>