<?xml version='1.0' encoding='UTF-8'?>
<annotation>
  <filename>Kangaroo_223.jpg</filename>
  <size>
    <width>600</width>
    <height>800</height>
    <depth>3</depth>
  </size>
  <segmented>0</segmented>
  <object>
    <name>Kangaroo</name>
    <pose>Unspecified</pose>
    <truncated>0</truncated>
    <difficult>0</difficult>
    <bndbox>
      <xmin>128</xmin>
      <ymin>65</ymin>
      <xmax>540</xmax>
      <ymax>695</ymax>
    </bndbox>
  </object>
  <object>
    <name>Kangaroo</name>
    <pose>Unspecified</pose>
    <truncated>0</truncated>
    <difficult>0</difficult>
    <bndbox>
      <xmin>240</xmin>
      <ymin>496</ymin>
      <xmax>336</xmax>
      <ymax>596</ymax>
    </bndbox>
  </object>
</annotation>