<?xml version='1.0' encoding='UTF-8'?>
<annotation>
  <filename>Kangaroo_327.jpg</filename>
  <size>
    <width>630</width>
    <height>799</height>
    <depth>3</depth>
  </size>
  <segmented>0</segmented>
  <object>
    <name>Kangaroo</name>
    <pose>Unspecified</pose>
    <truncated>0</truncated>
    <difficult>0</difficult>
    <bndbox>
      <xmin>137</xmin>
      <ymin>210</ymin>
      <xmax>402</xmax>
      <ymax>682</ymax>
    </bndbox>
  </object>
  <object>
    <name>Kangaroo</name>
    <pose>Unspecified</pose>
    <truncated>0</truncated>
    <difficult>0</difficult>
    <bndbox>
      <xmin>404</xmin>
      <ymin>231</ymin>
      <xmax>540</xmax>
      <ymax>571</ymax>
    </bndbox>
  </object>
</annotation>