<?xml version='1.0' encoding='UTF-8'?>
<annotation>
  <filename>Kangaroo_310.jpg</filename>
  <size>
    <width>651</width>
    <height>799</height>
    <depth>3</depth>
  </size>
  <segmented>0</segmented>
  <object>
    <name>Kangaroo</name>
    <pose>Unspecified</pose>
    <truncated>0</truncated>
    <difficult>0</difficult>
    <bndbox>
      <xmin>434</xmin>
      <ymin>278</ymin>
      <xmax>619</xmax>
      <ymax>717</ymax>
    </bndbox>
  </object>
  <object>
    <name>Kangaroo</name>
    <pose>Unspecified</pose>
    <truncated>0</truncated>
    <difficult>0</difficult>
    <bndbox>
      <xmin>236</xmin>
      <ymin>288</ymin>
      <xmax>443</xmax>
      <ymax>718</ymax>
    </bndbox>
  </object>
  <object>
    <name>Kangaroo</name>
    <pose>Unspecified</pose>
    <truncated>0</truncated>
    <difficult>0</difficult>
    <bndbox>
      <xmin>172</xmin>
      <ymin>414</ymin>
      <xmax>410</xmax>
      <ymax>690</ymax>
    </bndbox>
  </object>
  <object>
    <name>Kangaroo</name>
    <pose>Unspecified</pose>
    <truncated>0</truncated>
    <difficult>0</difficult>
    <bndbox>
      <xmin>6</xmin>
      <ymin>475</ymin>
      <xmax>274</xmax>
      <ymax>633</ymax>
    </bndbox>
  </object>
</annotation>