<?xml version='1.0' encoding='UTF-8'?>
<annotation>
  <filename>Kangaroo_33.jpg</filename>
  <size>
    <width>800</width>
    <height>600</height>
    <depth>3</depth>
  </size>
  <segmented>0</segmented>
  <object>
    <name>Kangaroo</name>
    <pose>Unspecified</pose>
    <truncated>0</truncated>
    <difficult>0</difficult>
    <bndbox>
      <xmin>322</xmin>
      <ymin>167</ymin>
      <xmax>660</xmax>
      <ymax>546</ymax>
    </bndbox>
  </object>
  <object>
    <name>Kangaroo</name>
    <pose>Unspecified</pose>
    <truncated>0</truncated>
    <difficult>0</difficult>
    <bndbox>
      <xmin>516</xmin>
      <ymin>44</ymin>
      <xmax>652</xmax>
      <ymax>315</ymax>
    </bndbox>
  </object>
</annotation>