<?xml version='1.0' encoding='UTF-8'?>
<annotation>
  <filename>Kangaroo_263.jpg</filename>
  <size>
    <width>533</width>
    <height>799</height>
    <depth>3</depth>
  </size>
  <segmented>0</segmented>
  <object>
    <name>Kangaroo</name>
    <pose>Unspecified</pose>
    <truncated>0</truncated>
    <difficult>0</difficult>
    <bndbox>
      <xmin>56</xmin>
      <ymin>155</ymin>
      <xmax>396</xmax>
      <ymax>761</ymax>
    </bndbox>
  </object>
  <object>
    <name>Kangaroo</name>
    <pose>Unspecified</pose>
    <truncated>0</truncated>
    <difficult>0</difficult>
    <bndbox>
      <xmin>252</xmin>
      <ymin>521</ymin>
      <xmax>370</xmax>
      <ymax>697</ymax>
    </bndbox>
  </object>
</annotation>