<?xml version='1.0' encoding='UTF-8'?>
<annotation>
  <filename>Kangaroo_283.jpg</filename>
  <size>
    <width>800</width>
    <height>744</height>
    <depth>3</depth>
  </size>
  <segmented>0</segmented>
  <object>
    <name>Kangaroo</name>
    <pose>Unspecified</pose>
    <truncated>0</truncated>
    <difficult>0</difficult>
    <bndbox>
      <xmin>191</xmin>
      <ymin>111</ymin>
      <xmax>585</xmax>
      <ymax>711</ymax>
    </bndbox>
  </object>
  <object>
    <name>Kangaroo</name>
    <pose>Unspecified</pose>
    <truncated>0</truncated>
    <difficult>0</difficult>
    <bndbox>
      <xmin>147</xmin>
      <ymin>390</ymin>
      <xmax>319</xmax>
      <ymax>697</ymax>
    </bndbox>
  </object>
</annotation>