<?xml version='1.0' encoding='UTF-8'?>
<annotation>
  <filename>Kangaroo_36.jpg</filename>
  <size>
    <width>800</width>
    <height>534</height>
    <depth>3</depth>
  </size>
  <segmented>0</segmented>
  <object>
    <name>Kangaroo</name>
    <pose>Unspecified</pose>
    <truncated>0</truncated>
    <difficult>0</difficult>
    <bndbox>
      <xmin>241</xmin>
      <ymin>18</ymin>
      <xmax>680</xmax>
      <ymax>533</ymax>
    </bndbox>
  </object>
  <object>
    <name>Kangaroo</name>
    <pose>Unspecified</pose>
    <truncated>0</truncated>
    <difficult>0</difficult>
    <bndbox>
      <xmin>418</xmin>
      <ymin>32</ymin>
      <xmax>593</xmax>
      <ymax>343</ymax>
    </bndbox>
  </object>
</annotation>