<?xml version='1.0' encoding='UTF-8'?>
<annotation>
  <filename>Kangaroo_233.jpg</filename>
  <size>
    <width>516</width>
    <height>800</height>
    <depth>3</depth>
  </size>
  <segmented>0</segmented>
  <object>
    <name>Kangaroo</name>
    <pose>Unspecified</pose>
    <truncated>0</truncated>
    <difficult>0</difficult>
    <bndbox>
      <xmin>17</xmin>
      <ymin>9</ymin>
      <xmax>455</xmax>
      <ymax>799</ymax>
    </bndbox>
  </object>
  <object>
    <name>Kangaroo</name>
    <pose>Unspecified</pose>
    <truncated>0</truncated>
    <difficult>0</difficult>
    <bndbox>
      <xmin>116</xmin>
      <ymin>594</ymin>
      <xmax>261</xmax>
      <ymax>760</ymax>
    </bndbox>
  </object>
  <object>
    <name>Kangaroo</name>
    <pose>Unspecified</pose>
    <truncated>0</truncated>
    <difficult>0</difficult>
    <bndbox>
      <xmin>1</xmin>
      <ymin>52</ymin>
      <xmax>516</xmax>
      <ymax>748</ymax>
    </bndbox>
  </object>
</annotation>