<?xml version='1.0' encoding='UTF-8'?>
<annotation>
  <filename>Kangaroo_298.jpg</filename>
  <size>
    <width>799</width>
    <height>533</height>
    <depth>3</depth>
  </size>
  <segmented>0</segmented>
  <object>
    <name>Kangaroo</name>
    <pose>Unspecified</pose>
    <truncated>0</truncated>
    <difficult>0</difficult>
    <bndbox>
      <xmin>62</xmin>
      <ymin>104</ymin>
      <xmax>560</xmax>
      <ymax>533</ymax>
    </bndbox>
  </object>
  <object>
    <name>Kangaroo</name>
    <pose>Unspecified</pose>
    <truncated>0</truncated>
    <difficult>0</difficult>
    <bndbox>
      <xmin>456</xmin>
      <ymin>3</ymin>
      <xmax>799</xmax>
      <ymax>321</ymax>
    </bndbox>
  </object>
</annotation>