<?xml version='1.0' encoding='UTF-8'?>
<annotation>
  <filename>Kangaroo_24.jpg</filename>
  <size>
    <width>800</width>
    <height>532</height>
    <depth>3</depth>
  </size>
  <segmented>0</segmented>
  <object>
    <name>Kangaroo</name>
    <pose>Unspecified</pose>
    <truncated>0</truncated>
    <difficult>0</difficult>
    <bndbox>
      <xmin>34</xmin>
      <ymin>57</ymin>
      <xmax>745</xmax>
      <ymax>441</ymax>
    </bndbox>
  </object>
  <object>
    <name>Kangaroo</name>
    <pose>Unspecified</pose>
    <truncated>0</truncated>
    <difficult>0</difficult>
    <bndbox>
      <xmin>567</xmin>
      <ymin>136</ymin>
      <xmax>800</xmax>
      <ymax>501</ymax>
    </bndbox>
  </object>
</annotation>