<?xml version='1.0' encoding='UTF-8'?>
<annotation>
  <filename>Kangaroo_238.jpg</filename>
  <size>
    <width>799</width>
    <height>530</height>
    <depth>3</depth>
  </size>
  <segmented>0</segmented>
  <object>
    <name>Kangaroo</name>
    <pose>Unspecified</pose>
    <truncated>0</truncated>
    <difficult>0</difficult>
    <bndbox>
      <xmin>68</xmin>
      <ymin>22</ymin>
      <xmax>540</xmax>
      <ymax>497</ymax>
    </bndbox>
  </object>
  <object>
    <name>Kangaroo</name>
    <pose>Unspecified</pose>
    <truncated>0</truncated>
    <difficult>0</difficult>
    <bndbox>
      <xmin>157</xmin>
      <ymin>43</ymin>
      <xmax>285</xmax>
      <ymax>294</ymax>
    </bndbox>
  </object>
</annotation>