<?xml version='1.0' encoding='UTF-8'?>
<annotation>
  <filename>Kangaroo_377.jpg</filename>
  <size>
    <width>799</width>
    <height>708</height>
    <depth>3</depth>
  </size>
  <segmented>0</segmented>
  <object>
    <name>Kangaroo</name>
    <pose>Unspecified</pose>
    <truncated>0</truncated>
    <difficult>0</difficult>
    <bndbox>
      <xmin>303</xmin>
      <ymin>25</ymin>
      <xmax>791</xmax>
      <ymax>701</ymax>
    </bndbox>
  </object>
  <object>
    <name>Kangaroo</name>
    <pose>Unspecified</pose>
    <truncated>0</truncated>
    <difficult>0</difficult>
    <bndbox>
      <xmin>21</xmin>
      <ymin>440</ymin>
      <xmax>407</xmax>
      <ymax>699</ymax>
    </bndbox>
  </object>
</annotation>