<?xml version='1.0' encoding='UTF-8'?>
<annotation>
  <filename>Kangaroo_8.jpg</filename>
  <size>
    <width>799</width>
    <height>533</height>
    <depth>3</depth>
  </size>
  <segmented>0</segmented>
  <object>
    <name>Kangaroo</name>
    <pose>Unspecified</pose>
    <truncated>0</truncated>
    <difficult>0</difficult>
    <bndbox>
      <xmin>171</xmin>
      <ymin>96</ymin>
      <xmax>689</xmax>
      <ymax>479</ymax>
    </bndbox>
  </object>
  <object>
    <name>Kangaroo</name>
    <pose>Unspecified</pose>
    <truncated>0</truncated>
    <difficult>0</difficult>
    <bndbox>
      <xmin>59</xmin>
      <ymin>28</ymin>
      <xmax>504</xmax>
      <ymax>271</ymax>
    </bndbox>
  </object>
</annotation>