<?xml version='1.0' encoding='UTF-8'?>
<annotation>
  <filename>Kangaroo_167.jpg</filename>
  <size>
    <width>800</width>
    <height>533</height>
    <depth>3</depth>
  </size>
  <segmented>0</segmented>
  <object>
    <name>Kangaroo</name>
    <pose>Unspecified</pose>
    <truncated>0</truncated>
    <difficult>0</difficult>
    <bndbox>
      <xmin>217</xmin>
      <ymin>31</ymin>
      <xmax>652</xmax>
      <ymax>522</ymax>
    </bndbox>
  </object>
  <object>
    <name>Kangaroo</name>
    <pose>Unspecified</pose>
    <truncated>0</truncated>
    <difficult>0</difficult>
    <bndbox>
      <xmin>396</xmin>
      <ymin>267</ymin>
      <xmax>560</xmax>
      <ymax>428</ymax>
    </bndbox>
  </object>
  <object>
    <name>Kangaroo</name>
    <pose>Unspecified</pose>
    <truncated>0</truncated>
    <difficult>0</difficult>
    <bndbox>
      <xmin>531</xmin>
      <ymin>182</ymin>
      <xmax>731</xmax>
      <ymax>431</ymax>
    </bndbox>
  </object>
</annotation>