<?xml version='1.0' encoding='UTF-8'?>
<annotation>
  <filename>Kangaroo_100.jpg</filename>
  <size>
    <width>600</width>
    <height>800</height>
    <depth>3</depth>
  </size>
  <segmented>0</segmented>
  <object>
    <name>Kangaroo</name>
    <pose>Unspecified</pose>
    <truncated>0</truncated>
    <difficult>0</difficult>
    <bndbox>
      <xmin>0</xmin>
      <ymin>142</ymin>
      <xmax>434</xmax>
      <ymax>659</ymax>
    </bndbox>
  </object>
  <object>
    <name>Kangaroo</name>
    <pose>Unspecified</pose>
    <truncated>0</truncated>
    <difficult>0</difficult>
    <bndbox>
      <xmin>282</xmin>
      <ymin>299</ymin>
      <xmax>600</xmax>
      <ymax>552</ymax>
    </bndbox>
  </object>
</annotation>