<?xml version='1.0' encoding='UTF-8'?>
<annotation>
  <filename>Kangaroo_165.jpg</filename>
  <size>
    <width>533</width>
    <height>800</height>
    <depth>3</depth>
  </size>
  <segmented>0</segmented>
  <object>
    <name>Kangaroo</name>
    <pose>Unspecified</pose>
    <truncated>0</truncated>
    <difficult>0</difficult>
    <bndbox>
      <xmin>1</xmin>
      <ymin>144</ymin>
      <xmax>342</xmax>
      <ymax>667</ymax>
    </bndbox>
  </object>
  <object>
    <name>Kangaroo</name>
    <pose>Unspecified</pose>
    <truncated>0</truncated>
    <difficult>0</difficult>
    <bndbox>
      <xmin>328</xmin>
      <ymin>377</ymin>
      <xmax>532</xmax>
      <ymax>578</ymax>
    </bndbox>
  </object>
</annotation>