<?xml version='1.0' encoding='UTF-8'?>
<annotation>
  <filename>Kangaroo_375.jpg</filename>
  <size>
    <width>533</width>
    <height>800</height>
    <depth>3</depth>
  </size>
  <segmented>0</segmented>
  <object>
    <name>Kangaroo</name>
    <pose>Unspecified</pose>
    <truncated>0</truncated>
    <difficult>0</difficult>
    <bndbox>
      <xmin>30</xmin>
      <ymin>238</ymin>
      <xmax>304</xmax>
      <ymax>783</ymax>
    </bndbox>
  </object>
  <object>
    <name>Kangaroo</name>
    <pose>Unspecified</pose>
    <truncated>0</truncated>
    <difficult>0</difficult>
    <bndbox>
      <xmin>254</xmin>
      <ymin>52</ymin>
      <xmax>415</xmax>
      <ymax>710</ymax>
    </bndbox>
  </object>
</annotation>