<?xml version='1.0' encoding='UTF-8'?>
<annotation>
  <filename>Kangaroo_300.jpg</filename>
  <size>
    <width>800</width>
    <height>595</height>
    <depth>3</depth>
  </size>
  <segmented>0</segmented>
  <object>
    <name>Kangaroo</name>
    <pose>Unspecified</pose>
    <truncated>0</truncated>
    <difficult>0</difficult>
    <bndbox>
      <xmin>68</xmin>
      <ymin>23</ymin>
      <xmax>528</xmax>
      <ymax>553</ymax>
    </bndbox>
  </object>
  <object>
    <name>Kangaroo</name>
    <pose>Unspecified</pose>
    <truncated>0</truncated>
    <difficult>0</difficult>
    <bndbox>
      <xmin>643</xmin>
      <ymin>119</ymin>
      <xmax>800</xmax>
      <ymax>335</ymax>
    </bndbox>
  </object>
  <object>
    <name>Kangaroo</name>
    <pose>Unspecified</pose>
    <truncated>0</truncated>
    <difficult>0</difficult>
    <bndbox>
      <xmin>45</xmin>
      <ymin>147</ymin>
      <xmax>540</xmax>
      <ymax>391</ymax>
    </bndbox>
  </object>
</annotation>