<?xml version='1.0' encoding='UTF-8'?>
<annotation>
  <filename>Kangaroo_280.jpg</filename>
  <size>
    <width>799</width>
    <height>559</height>
    <depth>3</depth>
  </size>
  <segmented>0</segmented>
  <object>
    <name>Kangaroo</name>
    <pose>Unspecified</pose>
    <truncated>0</truncated>
    <difficult>0</difficult>
    <bndbox>
      <xmin>34</xmin>
      <ymin>78</ymin>
      <xmax>599</xmax>
      <ymax>491</ymax>
    </bndbox>
  </object>
  <object>
    <name>Kangaroo</name>
    <pose>Unspecified</pose>
    <truncated>0</truncated>
    <difficult>0</difficult>
    <bndbox>
      <xmin>376</xmin>
      <ymin>42</ymin>
      <xmax>776</xmax>
      <ymax>492</ymax>
    </bndbox>
  </object>
</annotation>