<?xml version='1.0' encoding='UTF-8'?>
<annotation>
  <filename>Kangaroo_277.jpg</filename>
  <size>
    <width>800</width>
    <height>531</height>
    <depth>3</depth>
  </size>
  <segmented>0</segmented>
  <object>
    <name>Kangaroo</name>
    <pose>Unspecified</pose>
    <truncated>0</truncated>
    <difficult>0</difficult>
    <bndbox>
      <xmin>299</xmin>
      <ymin>34</ymin>
      <xmax>779</xmax>
      <ymax>499</ymax>
    </bndbox>
  </object>
  <object>
    <name>Kangaroo</name>
    <pose>Unspecified</pose>
    <truncated>0</truncated>
    <difficult>0</difficult>
    <bndbox>
      <xmin>56</xmin>
      <ymin>281</ymin>
      <xmax>485</xmax>
      <ymax>503</ymax>
    </bndbox>
  </object>
</annotation>