<?xml version='1.0' encoding='UTF-8'?>
<annotation>
  <filename>Kangaroo_247.jpg</filename>
  <size>
    <width>582</width>
    <height>799</height>
    <depth>3</depth>
  </size>
  <segmented>0</segmented>
  <object>
    <name>Kangaroo</name>
    <pose>Unspecified</pose>
    <truncated>0</truncated>
    <difficult>0</difficult>
    <bndbox>
      <xmin>147</xmin>
      <ymin>474</ymin>
      <xmax>582</xmax>
      <ymax>786</ymax>
    </bndbox>
  </object>
  <object>
    <name>Kangaroo</name>
    <pose>Unspecified</pose>
    <truncated>0</truncated>
    <difficult>0</difficult>
    <bndbox>
      <xmin>1</xmin>
      <ymin>202</ymin>
      <xmax>361</xmax>
      <ymax>397</ymax>
    </bndbox>
  </object>
</annotation>