<?xml version='1.0' encoding='UTF-8'?>
<annotation>
  <filename>Kangaroo_152.jpg</filename>
  <size>
    <width>534</width>
    <height>799</height>
    <depth>3</depth>
  </size>
  <segmented>0</segmented>
  <object>
    <name>Kangaroo</name>
    <pose>Unspecified</pose>
    <truncated>0</truncated>
    <difficult>0</difficult>
    <bndbox>
      <xmin>118</xmin>
      <ymin>129</ymin>
      <xmax>412</xmax>
      <ymax>744</ymax>
    </bndbox>
  </object>
  <object>
    <name>Kangaroo</name>
    <pose>Unspecified</pose>
    <truncated>0</truncated>
    <difficult>0</difficult>
    <bndbox>
      <xmin>84</xmin>
      <ymin>203</ymin>
      <xmax>149</xmax>
      <ymax>308</ymax>
    </bndbox>
  </object>
</annotation>