<?xml version='1.0' encoding='UTF-8'?>
<annotation>
  <filename>Kangaroo_122.jpg</filename>
  <size>
    <width>800</width>
    <height>460</height>
    <depth>3</depth>
  </size>
  <segmented>0</segmented>
  <object>
    <name>Kangaroo</name>
    <pose>Unspecified</pose>
    <truncated>0</truncated>
    <difficult>0</difficult>
    <bndbox>
      <xmin>366</xmin>
      <ymin>221</ymin>
      <xmax>796</xmax>
      <ymax>417</ymax>
    </bndbox>
  </object>
  <object>
    <name>Kangaroo</name>
    <pose>Unspecified</pose>
    <truncated>0</truncated>
    <difficult>0</difficult>
    <bndbox>
      <xmin>50</xmin>
      <ymin>35</ymin>
      <xmax>425</xmax>
      <ymax>222</ymax>
    </bndbox>
  </object>
</annotation>