<?xml version='1.0' encoding='UTF-8'?>
<annotation>
  <filename>Kangaroo_76.jpg</filename>
  <size>
    <width>799</width>
    <height>533</height>
    <depth>3</depth>
  </size>
  <segmented>0</segmented>
  <object>
    <name>Kangaroo</name>
    <pose>Unspecified</pose>
    <truncated>0</truncated>
    <difficult>0</difficult>
    <bndbox>
      <xmin>294</xmin>
      <ymin>29</ymin>
      <xmax>798</xmax>
      <ymax>434</ymax>
    </bndbox>
  </object>
  <object>
    <name>Kangaroo</name>
    <pose>Unspecified</pose>
    <truncated>0</truncated>
    <difficult>0</difficult>
    <bndbox>
      <xmin>403</xmin>
      <ymin>281</ymin>
      <xmax>473</xmax>
      <ymax>401</ymax>
    </bndbox>
  </object>
</annotation>