<?xml version='1.0' encoding='UTF-8'?>
<annotation>
  <filename>Kangaroo_207.jpg</filename>
  <size>
    <width>800</width>
    <height>600</height>
    <depth>3</depth>
  </size>
  <segmented>0</segmented>
  <object>
    <name>Kangaroo</name>
    <pose>Unspecified</pose>
    <truncated>0</truncated>
    <difficult>0</difficult>
    <bndbox>
      <xmin>1</xmin>
      <ymin>366</ymin>
      <xmax>595</xmax>
      <ymax>551</ymax>
    </bndbox>
  </object>
  <object>
    <name>Kangaroo</name>
    <pose>Unspecified</pose>
    <truncated>0</truncated>
    <difficult>0</difficult>
    <bndbox>
      <xmin>0</xmin>
      <ymin>173</ymin>
      <xmax>250</xmax>
      <ymax>318</ymax>
    </bndbox>
  </object>
  <object>
    <name>Kangaroo</name>
    <pose>Unspecified</pose>
    <truncated>0</truncated>
    <difficult>0</difficult>
    <bndbox>
      <xmin>410</xmin>
      <ymin>229</ymin>
      <xmax>800</xmax>
      <ymax>379</ymax>
    </bndbox>
  </object>
  <object>
    <name>Kangaroo</name>
    <pose>Unspecified</pose>
    <truncated>0</truncated>
    <difficult>0</difficult>
    <bndbox>
      <xmin>628</xmin>
      <ymin>152</ymin>
      <xmax>800</xmax>
      <ymax>285</ymax>
    </bndbox>
  </object>
</annotation>