<?xml version='1.0' encoding='UTF-8'?>
<annotation>
  <filename>Kangaroo_81.jpg</filename>
  <size>
    <width>800</width>
    <height>600</height>
    <depth>3</depth>
  </size>
  <segmented>0</segmented>
  <object>
    <name>Kangaroo</name>
    <pose>Unspecified</pose>
    <truncated>0</truncated>
    <difficult>0</difficult>
    <bndbox>
      <xmin>1</xmin>
      <ymin>239</ymin>
      <xmax>520</xmax>
      <ymax>522</ymax>
    </bndbox>
  </object>
  <object>
    <name>Kangaroo</name>
    <pose>Unspecified</pose>
    <truncated>0</truncated>
    <difficult>0</difficult>
    <bndbox>
      <xmin>303</xmin>
      <ymin>31</ymin>
      <xmax>791</xmax>
      <ymax>514</ymax>
    </bndbox>
  </object>
</annotation>