<?xml version='1.0' encoding='UTF-8'?>
<annotation>
  <filename>Kangaroo_315.jpg</filename>
  <size>
    <width>800</width>
    <height>527</height>
    <depth>3</depth>
  </size>
  <segmented>0</segmented>
  <object>
    <name>Kangaroo</name>
    <pose>Unspecified</pose>
    <truncated>0</truncated>
    <difficult>0</difficult>
    <bndbox>
      <xmin>138</xmin>
      <ymin>89</ymin>
      <xmax>386</xmax>
      <ymax>264</ymax>
    </bndbox>
  </object>
  <object>
    <name>Kangaroo</name>
    <pose>Unspecified</pose>
    <truncated>0</truncated>
    <difficult>0</difficult>
    <bndbox>
      <xmin>122</xmin>
      <ymin>69</ymin>
      <xmax>262</xmax>
      <ymax>198</ymax>
    </bndbox>
  </object>
  <object>
    <name>Kangaroo</name>
    <pose>Unspecified</pose>
    <truncated>0</truncated>
    <difficult>0</difficult>
    <bndbox>
      <xmin>181</xmin>
      <ymin>283</ymin>
      <xmax>593</xmax>
      <ymax>459</ymax>
    </bndbox>
  </object>
</annotation>