<?xml version='1.0' encoding='UTF-8'?>
<annotation>
  <filename>Kangaroo_204.jpg</filename>
  <size>
    <width>637</width>
    <height>799</height>
    <depth>3</depth>
  </size>
  <segmented>0</segmented>
  <object>
    <name>Kangaroo</name>
    <pose>Unspecified</pose>
    <truncated>0</truncated>
    <difficult>0</difficult>
    <bndbox>
      <xmin>222</xmin>
      <ymin>365</ymin>
      <xmax>637</xmax>
      <ymax>798</ymax>
    </bndbox>
  </object>
  <object>
    <name>Kangaroo</name>
    <pose>Unspecified</pose>
    <truncated>0</truncated>
    <difficult>0</difficult>
    <bndbox>
      <xmin>50</xmin>
      <ymin>23</ymin>
      <xmax>636</xmax>
      <ymax>492</ymax>
    </bndbox>
  </object>
</annotation>