<?xml version='1.0' encoding='UTF-8'?>
<annotation>
  <filename>Kangaroo_382.jpg</filename>
  <size>
    <width>600</width>
    <height>800</height>
    <depth>3</depth>
  </size>
  <segmented>0</segmented>
  <object>
    <name>Kangaroo</name>
    <pose>Unspecified</pose>
    <truncated>0</truncated>
    <difficult>0</difficult>
    <bndbox>
      <xmin>119</xmin>
      <ymin>405</ymin>
      <xmax>321</xmax>
      <ymax>673</ymax>
    </bndbox>
  </object>
  <object>
    <name>Kangaroo</name>
    <pose>Unspecified</pose>
    <truncated>0</truncated>
    <difficult>0</difficult>
    <bndbox>
      <xmin>200</xmin>
      <ymin>70</ymin>
      <xmax>513</xmax>
      <ymax>658</ymax>
    </bndbox>
  </object>
</annotation>