<?xml version='1.0' encoding='UTF-8'?>
<annotation>
  <filename>Kangaroo_366.jpg</filename>
  <size>
    <width>800</width>
    <height>534</height>
    <depth>3</depth>
  </size>
  <segmented>0</segmented>
  <object>
    <name>Kangaroo</name>
    <pose>Unspecified</pose>
    <truncated>0</truncated>
    <difficult>0</difficult>
    <bndbox>
      <xmin>137</xmin>
      <ymin>188</ymin>
      <xmax>427</xmax>
      <ymax>460</ymax>
    </bndbox>
  </object>
  <object>
    <name>Kangaroo</name>
    <pose>Unspecified</pose>
    <truncated>0</truncated>
    <difficult>0</difficult>
    <bndbox>
      <xmin>285</xmin>
      <ymin>110</ymin>
      <xmax>402</xmax>
      <ymax>268</ymax>
    </bndbox>
  </object>
  <object>
    <name>Kangaroo</name>
    <pose>Unspecified</pose>
    <truncated>0</truncated>
    <difficult>0</difficult>
    <bndbox>
      <xmin>494</xmin>
      <ymin>132</ymin>
      <xmax>743</xmax>
      <ymax>361</ymax>
    </bndbox>
  </object>
  <object>
    <name>Kangaroo</name>
    <pose>Unspecified</pose>
    <truncated>0</truncated>
    <difficult>0</difficult>
    <bndbox>
      <xmin>94</xmin>
      <ymin>56</ymin>
      <xmax>206</xmax>
      <ymax>252</ymax>
    </bndbox>
  </object>
</annotation>