<?xml version='1.0' encoding='UTF-8'?>
<annotation>
  <filename>Kangaroo_261.jpg</filename>
  <size>
    <width>800</width>
    <height>600</height>
    <depth>3</depth>
  </size>
  <segmented>0</segmented>
  <object>
    <name>Kangaroo</name>
    <pose>Unspecified</pose>
    <truncated>0</truncated>
    <difficult>0</difficult>
    <bndbox>
      <xmin>64</xmin>
      <ymin>171</ymin>
      <xmax>197</xmax>
      <ymax>404</ymax>
    </bndbox>
  </object>
  <object>
    <name>Kangaroo</name>
    <pose>Unspecified</pose>
    <truncated>0</truncated>
    <difficult>0</difficult>
    <bndbox>
      <xmin>560</xmin>
      <ymin>209</ymin>
      <xmax>708</xmax>
      <ymax>498</ymax>
    </bndbox>
  </object>
</annotation>