<?xml version='1.0' encoding='UTF-8'?>
<annotation>
  <filename>Kangaroo_228.jpg</filename>
  <size>
    <width>800</width>
    <height>534</height>
    <depth>3</depth>
  </size>
  <segmented>0</segmented>
  <object>
    <name>Kangaroo</name>
    <pose>Unspecified</pose>
    <truncated>0</truncated>
    <difficult>0</difficult>
    <bndbox>
      <xmin>377</xmin>
      <ymin>190</ymin>
      <xmax>638</xmax>
      <ymax>410</ymax>
    </bndbox>
  </object>
  <object>
    <name>Kangaroo</name>
    <pose>Unspecified</pose>
    <truncated>0</truncated>
    <difficult>0</difficult>
    <bndbox>
      <xmin>76</xmin>
      <ymin>153</ymin>
      <xmax>417</xmax>
      <ymax>490</ymax>
    </bndbox>
  </object>
  <object>
    <name>Kangaroo</name>
    <pose>Unspecified</pose>
    <truncated>0</truncated>
    <difficult>0</difficult>
    <bndbox>
      <xmin>151</xmin>
      <ymin>31</ymin>
      <xmax>443</xmax>
      <ymax>411</ymax>
    </bndbox>
  </object>
</annotation>