<?xml version='1.0' encoding='UTF-8'?>
<annotation>
  <filename>Kangaroo_27.jpg</filename>
  <size>
    <width>800</width>
    <height>534</height>
    <depth>3</depth>
  </size>
  <segmented>0</segmented>
  <object>
    <name>Kangaroo</name>
    <pose>Unspecified</pose>
    <truncated>0</truncated>
    <difficult>0</difficult>
    <bndbox>
      <xmin>424</xmin>
      <ymin>70</ymin>
      <xmax>528</xmax>
      <ymax>351</ymax>
    </bndbox>
  </object>
  <object>
    <name>Kangaroo</name>
    <pose>Unspecified</pose>
    <truncated>0</truncated>
    <difficult>0</difficult>
    <bndbox>
      <xmin>150</xmin>
      <ymin>14</ymin>
      <xmax>455</xmax>
      <ymax>376</ymax>
    </bndbox>
  </object>
  <object>
    <name>Kangaroo</name>
    <pose>Unspecified</pose>
    <truncated>0</truncated>
    <difficult>0</difficult>
    <bndbox>
      <xmin>88</xmin>
      <ymin>317</ymin>
      <xmax>612</xmax>
      <ymax>520</ymax>
    </bndbox>
  </object>
</annotation>