<?xml version='1.0' encoding='UTF-8'?>
<annotation>
  <filename>Kangaroo_133.jpg</filename>
  <size>
    <width>800</width>
    <height>600</height>
    <depth>3</depth>
  </size>
  <segmented>0</segmented>
  <object>
    <name>Kangaroo</name>
    <pose>Unspecified</pose>
    <truncated>0</truncated>
    <difficult>0</difficult>
    <bndbox>
      <xmin>46</xmin>
      <ymin>163</ymin>
      <xmax>525</xmax>
      <ymax>589</ymax>
    </bndbox>
  </object>
  <object>
    <name>Kangaroo</name>
    <pose>Unspecified</pose>
    <truncated>0</truncated>
    <difficult>0</difficult>
    <bndbox>
      <xmin>373</xmin>
      <ymin>102</ymin>
      <xmax>795</xmax>
      <ymax>497</ymax>
    </bndbox>
  </object>
</annotation>