<?xml version='1.0' encoding='UTF-8'?>
<annotation>
  <filename>Kangaroo_232.jpg</filename>
  <size>
    <width>799</width>
    <height>533</height>
    <depth>3</depth>
  </size>
  <segmented>0</segmented>
  <object>
    <name>Kangaroo</name>
    <pose>Unspecified</pose>
    <truncated>0</truncated>
    <difficult>0</difficult>
    <bndbox>
      <xmin>138</xmin>
      <ymin>111</ymin>
      <xmax>799</xmax>
      <ymax>469</ymax>
    </bndbox>
  </object>
  <object>
    <name>Kangaroo</name>
    <pose>Unspecified</pose>
    <truncated>0</truncated>
    <difficult>0</difficult>
    <bndbox>
      <xmin>577</xmin>
      <ymin>149</ymin>
      <xmax>799</xmax>
      <ymax>404</ymax>
    </bndbox>
  </object>
</annotation>