<?xml version='1.0' encoding='UTF-8'?>
<annotation>
  <filename>Kangaroo_282.jpg</filename>
  <size>
    <width>800</width>
    <height>532</height>
    <depth>3</depth>
  </size>
  <segmented>0</segmented>
  <object>
    <name>Kangaroo</name>
    <pose>Unspecified</pose>
    <truncated>0</truncated>
    <difficult>0</difficult>
    <bndbox>
      <xmin>1</xmin>
      <ymin>74</ymin>
      <xmax>571</xmax>
      <ymax>532</ymax>
    </bndbox>
  </object>
  <object>
    <name>Kangaroo</name>
    <pose>Unspecified</pose>
    <truncated>0</truncated>
    <difficult>0</difficult>
    <bndbox>
      <xmin>289</xmin>
      <ymin>0</ymin>
      <xmax>739</xmax>
      <ymax>368</ymax>
    </bndbox>
  </object>
</annotation>