<?xml version='1.0' encoding='UTF-8'?>
<annotation>
  <filename>Kangaroo_210.jpg</filename>
  <size>
    <width>800</width>
    <height>600</height>
    <depth>3</depth>
  </size>
  <segmented>0</segmented>
  <object>
    <name>Kangaroo</name>
    <pose>Unspecified</pose>
    <truncated>0</truncated>
    <difficult>0</difficult>
    <bndbox>
      <xmin>134</xmin>
      <ymin>264</ymin>
      <xmax>442</xmax>
      <ymax>440</ymax>
    </bndbox>
  </object>
  <object>
    <name>Kangaroo</name>
    <pose>Unspecified</pose>
    <truncated>0</truncated>
    <difficult>0</difficult>
    <bndbox>
      <xmin>460</xmin>
      <ymin>175</ymin>
      <xmax>795</xmax>
      <ymax>442</ymax>
    </bndbox>
  </object>
</annotation>