<?xml version='1.0' encoding='UTF-8'?>
<annotation>
  <filename>Kangaroo_364.jpg</filename>
  <size>
    <width>800</width>
    <height>531</height>
    <depth>3</depth>
  </size>
  <segmented>0</segmented>
  <object>
    <name>Kangaroo</name>
    <pose>Unspecified</pose>
    <truncated>0</truncated>
    <difficult>0</difficult>
    <bndbox>
      <xmin>327</xmin>
      <ymin>120</ymin>
      <xmax>464</xmax>
      <ymax>445</ymax>
    </bndbox>
  </object>
  <object>
    <name>Kangaroo</name>
    <pose>Unspecified</pose>
    <truncated>0</truncated>
    <difficult>0</difficult>
    <bndbox>
      <xmin>55</xmin>
      <ymin>114</ymin>
      <xmax>754</xmax>
      <ymax>451</ymax>
    </bndbox>
  </object>
</annotation>