<?xml version='1.0' encoding='UTF-8'?>
<annotation>
  <filename>Kangaroo_144.jpg</filename>
  <size>
    <width>534</width>
    <height>799</height>
    <depth>3</depth>
  </size>
  <segmented>0</segmented>
  <object>
    <name>Kangaroo</name>
    <pose>Unspecified</pose>
    <truncated>0</truncated>
    <difficult>0</difficult>
    <bndbox>
      <xmin>8</xmin>
      <ymin>132</ymin>
      <xmax>440</xmax>
      <ymax>799</ymax>
    </bndbox>
  </object>
  <object>
    <name>Kangaroo</name>
    <pose>Unspecified</pose>
    <truncated>0</truncated>
    <difficult>0</difficult>
    <bndbox>
      <xmin>40</xmin>
      <ymin>76</ymin>
      <xmax>356</xmax>
      <ymax>387</ymax>
    </bndbox>
  </object>
</annotation>