<?xml version='1.0' encoding='UTF-8'?>
<annotation>
  <filename>Kangaroo_383.jpg</filename>
  <size>
    <width>800</width>
    <height>530</height>
    <depth>3</depth>
  </size>
  <segmented>0</segmented>
  <object>
    <name>Kangaroo</name>
    <pose>Unspecified</pose>
    <truncated>0</truncated>
    <difficult>0</difficult>
    <bndbox>
      <xmin>459</xmin>
      <ymin>12</ymin>
      <xmax>800</xmax>
      <ymax>530</ymax>
    </bndbox>
  </object>
  <object>
    <name>Kangaroo</name>
    <pose>Unspecified</pose>
    <truncated>0</truncated>
    <difficult>0</difficult>
    <bndbox>
      <xmin>147</xmin>
      <ymin>196</ymin>
      <xmax>429</xmax>
      <ymax>530</ymax>
    </bndbox>
  </object>
</annotation>