<?xml version='1.0' encoding='UTF-8'?>
<annotation>
  <filename>Kangaroo_202.jpg</filename>
  <size>
    <width>800</width>
    <height>530</height>
    <depth>3</depth>
  </size>
  <segmented>0</segmented>
  <object>
    <name>Kangaroo</name>
    <pose>Unspecified</pose>
    <truncated>0</truncated>
    <difficult>0</difficult>
    <bndbox>
      <xmin>28</xmin>
      <ymin>191</ymin>
      <xmax>397</xmax>
      <ymax>530</ymax>
    </bndbox>
  </object>
  <object>
    <name>Kangaroo</name>
    <pose>Unspecified</pose>
    <truncated>0</truncated>
    <difficult>0</difficult>
    <bndbox>
      <xmin>163</xmin>
      <ymin>85</ymin>
      <xmax>625</xmax>
      <ymax>530</ymax>
    </bndbox>
  </object>
  <object>
    <name>Kangaroo</name>
    <pose>Unspecified</pose>
    <truncated>0</truncated>
    <difficult>0</difficult>
    <bndbox>
      <xmin>578</xmin>
      <ymin>225</ymin>
      <xmax>800</xmax>
      <ymax>476</ymax>
    </bndbox>
  </object>
</annotation>