<?xml version='1.0' encoding='UTF-8'?>
<annotation>
  <filename>Kangaroo_162.jpg</filename>
  <size>
    <width>598</width>
    <height>800</height>
    <depth>3</depth>
  </size>
  <segmented>0</segmented>
  <object>
    <name>Kangaroo</name>
    <pose>Unspecified</pose>
    <truncated>0</truncated>
    <difficult>0</difficult>
    <bndbox>
      <xmin>0</xmin>
      <ymin>274</ymin>
      <xmax>350</xmax>
      <ymax>766</ymax>
    </bndbox>
  </object>
  <object>
    <name>Kangaroo</name>
    <pose>Unspecified</pose>
    <truncated>0</truncated>
    <difficult>0</difficult>
    <bndbox>
      <xmin>249</xmin>
      <ymin>114</ymin>
      <xmax>581</xmax>
      <ymax>590</ymax>
    </bndbox>
  </object>
</annotation>