<?xml version='1.0' encoding='UTF-8'?>
<annotation>
  <filename>Kangaroo_97.jpg</filename>
  <size>
    <width>800</width>
    <height>534</height>
    <depth>3</depth>
  </size>
  <segmented>0</segmented>
  <object>
    <name>Kangaroo</name>
    <pose>Unspecified</pose>
    <truncated>0</truncated>
    <difficult>0</difficult>
    <bndbox>
      <xmin>70</xmin>
      <ymin>310</ymin>
      <xmax>598</xmax>
      <ymax>514</ymax>
    </bndbox>
  </object>
  <object>
    <name>Kangaroo</name>
    <pose>Unspecified</pose>
    <truncated>0</truncated>
    <difficult>0</difficult>
    <bndbox>
      <xmin>134</xmin>
      <ymin>14</ymin>
      <xmax>469</xmax>
      <ymax>367</ymax>
    </bndbox>
  </object>
  <object>
    <name>Kangaroo</name>
    <pose>Unspecified</pose>
    <truncated>0</truncated>
    <difficult>0</difficult>
    <bndbox>
      <xmin>245</xmin>
      <ymin>133</ymin>
      <xmax>573</xmax>
      <ymax>309</ymax>
    </bndbox>
  </object>
</annotation>