<?xml version='1.0' encoding='UTF-8'?>
<annotation>
  <filename>Kangaroo_253.jpg</filename>
  <size>
    <width>799</width>
    <height>533</height>
    <depth>3</depth>
  </size>
  <segmented>0</segmented>
  <object>
    <name>Kangaroo</name>
    <pose>Unspecified</pose>
    <truncated>0</truncated>
    <difficult>0</difficult>
    <bndbox>
      <xmin>84</xmin>
      <ymin>153</ymin>
      <xmax>447</xmax>
      <ymax>511</ymax>
    </bndbox>
  </object>
  <object>
    <name>Kangaroo</name>
    <pose>Unspecified</pose>
    <truncated>0</truncated>
    <difficult>0</difficult>
    <bndbox>
      <xmin>397</xmin>
      <ymin>101</ymin>
      <xmax>721</xmax>
      <ymax>323</ymax>
    </bndbox>
  </object>
  <object>
    <name>Kangaroo</name>
    <pose>Unspecified</pose>
    <truncated>0</truncated>
    <difficult>0</difficult>
    <bndbox>
      <xmin>291</xmin>
      <ymin>53</ymin>
      <xmax>601</xmax>
      <ymax>150</ymax>
    </bndbox>
  </object>
</annotation>