<?xml version='1.0' encoding='UTF-8'?>
<annotation>
  <filename>Kangaroo_208.jpg</filename>
  <size>
    <width>600</width>
    <height>800</height>
    <depth>3</depth>
  </size>
  <segmented>0</segmented>
  <object>
    <name>Kangaroo</name>
    <pose>Unspecified</pose>
    <truncated>0</truncated>
    <difficult>0</difficult>
    <bndbox>
      <xmin>88</xmin>
      <ymin>267</ymin>
      <xmax>370</xmax>
      <ymax>675</ymax>
    </bndbox>
  </object>
  <object>
    <name>Kangaroo</name>
    <pose>Unspecified</pose>
    <truncated>0</truncated>
    <difficult>0</difficult>
    <bndbox>
      <xmin>320</xmin>
      <ymin>508</ymin>
      <xmax>513</xmax>
      <ymax>638</ymax>
    </bndbox>
  </object>
</annotation>