<?xml version='1.0' encoding='UTF-8'?>
<annotation>
  <filename>Kangaroo_325.jpg</filename>
  <size>
    <width>800</width>
    <height>530</height>
    <depth>3</depth>
  </size>
  <segmented>0</segmented>
  <object>
    <name>Kangaroo</name>
    <pose>Unspecified</pose>
    <truncated>0</truncated>
    <difficult>0</difficult>
    <bndbox>
      <xmin>177</xmin>
      <ymin>263</ymin>
      <xmax>461</xmax>
      <ymax>415</ymax>
    </bndbox>
  </object>
  <object>
    <name>Kangaroo</name>
    <pose>Unspecified</pose>
    <truncated>0</truncated>
    <difficult>0</difficult>
    <bndbox>
      <xmin>328</xmin>
      <ymin>85</ymin>
      <xmax>701</xmax>
      <ymax>434</ymax>
    </bndbox>
  </object>
</annotation>