<?xml version='1.0' encoding='UTF-8'?>
<annotation>
  <filename>Kangaroo_361.jpg</filename>
  <size>
    <width>799</width>
    <height>534</height>
    <depth>3</depth>
  </size>
  <segmented>0</segmented>
  <object>
    <name>Kangaroo</name>
    <pose>Unspecified</pose>
    <truncated>0</truncated>
    <difficult>0</difficult>
    <bndbox>
      <xmin>121</xmin>
      <ymin>9</ymin>
      <xmax>677</xmax>
      <ymax>533</ymax>
    </bndbox>
  </object>
  <object>
    <name>Kangaroo</name>
    <pose>Unspecified</pose>
    <truncated>0</truncated>
    <difficult>0</difficult>
    <bndbox>
      <xmin>668</xmin>
      <ymin>302</ymin>
      <xmax>798</xmax>
      <ymax>474</ymax>
    </bndbox>
  </object>
</annotation>