<?xml version='1.0' encoding='UTF-8'?>
<annotation>
  <filename>Kangaroo_214.jpg</filename>
  <size>
    <width>799</width>
    <height>533</height>
    <depth>3</depth>
  </size>
  <segmented>0</segmented>
  <object>
    <name>Kangaroo</name>
    <pose>Unspecified</pose>
    <truncated>0</truncated>
    <difficult>0</difficult>
    <bndbox>
      <xmin>312</xmin>
      <ymin>125</ymin>
      <xmax>506</xmax>
      <ymax>347</ymax>
    </bndbox>
  </object>
  <object>
    <name>Kangaroo</name>
    <pose>Unspecified</pose>
    <truncated>0</truncated>
    <difficult>0</difficult>
    <bndbox>
      <xmin>1</xmin>
      <ymin>144</ymin>
      <xmax>209</xmax>
      <ymax>357</ymax>
    </bndbox>
  </object>
</annotation>