<?xml version='1.0' encoding='UTF-8'?>
<annotation>
  <filename>Kangaroo_26.jpg</filename>
  <size>
    <width>800</width>
    <height>608</height>
    <depth>3</depth>
  </size>
  <segmented>0</segmented>
  <object>
    <name>Kangaroo</name>
    <pose>Unspecified</pose>
    <truncated>0</truncated>
    <difficult>0</difficult>
    <bndbox>
      <xmin>285</xmin>
      <ymin>58</ymin>
      <xmax>562</xmax>
      <ymax>568</ymax>
    </bndbox>
  </object>
  <object>
    <name>Kangaroo</name>
    <pose>Unspecified</pose>
    <truncated>0</truncated>
    <difficult>0</difficult>
    <bndbox>
      <xmin>502</xmin>
      <ymin>361</ymin>
      <xmax>571</xmax>
      <ymax>447</ymax>
    </bndbox>
  </object>
</annotation>