<?xml version='1.0' encoding='UTF-8'?>
<annotation>
  <filename>Kangaroo_353.jpg</filename>
  <size>
    <width>800</width>
    <height>600</height>
    <depth>3</depth>
  </size>
  <segmented>0</segmented>
  <object>
    <name>Kangaroo</name>
    <pose>Unspecified</pose>
    <truncated>0</truncated>
    <difficult>0</difficult>
    <bndbox>
      <xmin>144</xmin>
      <ymin>230</ymin>
      <xmax>430</xmax>
      <ymax>501</ymax>
    </bndbox>
  </object>
  <object>
    <name>Kangaroo</name>
    <pose>Unspecified</pose>
    <truncated>0</truncated>
    <difficult>0</difficult>
    <bndbox>
      <xmin>379</xmin>
      <ymin>170</ymin>
      <xmax>800</xmax>
      <ymax>510</ymax>
    </bndbox>
  </object>
</annotation>