<?xml version='1.0' encoding='UTF-8'?>
<annotation>
  <filename>Kangaroo_195.jpg</filename>
  <size>
    <width>533</width>
    <height>799</height>
    <depth>3</depth>
  </size>
  <segmented>0</segmented>
  <object>
    <name>Kangaroo</name>
    <pose>Unspecified</pose>
    <truncated>0</truncated>
    <difficult>0</difficult>
    <bndbox>
      <xmin>228</xmin>
      <ymin>122</ymin>
      <xmax>441</xmax>
      <ymax>627</ymax>
    </bndbox>
  </object>
  <object>
    <name>Kangaroo</name>
    <pose>Unspecified</pose>
    <truncated>0</truncated>
    <difficult>0</difficult>
    <bndbox>
      <xmin>25</xmin>
      <ymin>415</ymin>
      <xmax>318</xmax>
      <ymax>720</ymax>
    </bndbox>
  </object>
</annotation>