<?xml version='1.0' encoding='UTF-8'?>
<annotation>
  <filename>Kangaroo_42.jpg</filename>
  <size>
    <width>800</width>
    <height>600</height>
    <depth>3</depth>
  </size>
  <segmented>0</segmented>
  <object>
    <name>Kangaroo</name>
    <pose>Unspecified</pose>
    <truncated>0</truncated>
    <difficult>0</difficult>
    <bndbox>
      <xmin>419</xmin>
      <ymin>297</ymin>
      <xmax>765</xmax>
      <ymax>600</ymax>
    </bndbox>
  </object>
  <object>
    <name>Kangaroo</name>
    <pose>Unspecified</pose>
    <truncated>0</truncated>
    <difficult>0</difficult>
    <bndbox>
      <xmin>254</xmin>
      <ymin>61</ymin>
      <xmax>488</xmax>
      <ymax>541</ymax>
    </bndbox>
  </object>
  <object>
    <name>Kangaroo</name>
    <pose>Unspecified</pose>
    <truncated>0</truncated>
    <difficult>0</difficult>
    <bndbox>
      <xmin>445</xmin>
      <ymin>219</ymin>
      <xmax>607</xmax>
      <ymax>350</ymax>
    </bndbox>
  </object>
  <object>
    <name>Kangaroo</name>
    <pose>Unspecified</pose>
    <truncated>0</truncated>
    <difficult>0</difficult>
    <bndbox>
      <xmin>396</xmin>
      <ymin>154</ymin>
      <xmax>546</xmax>
      <ymax>274</ymax>
    </bndbox>
  </object>
  <object>
    <name>Kangaroo</name>
    <pose>Unspecified</pose>
    <truncated>0</truncated>
    <difficult>0</difficult>
    <bndbox>
      <xmin>74</xmin>
      <ymin>16</ymin>
      <xmax>320</xmax>
      <ymax>367</ymax>
    </bndbox>
  </object>
  <object>
    <name>Kangaroo</name>
    <pose>Unspecified</pose>
    <truncated>0</truncated>
    <difficult>0</difficult>
    <bndbox>
      <xmin>2</xmin>
      <ymin>232</ymin>
      <xmax>174</xmax>
      <ymax>313</ymax>
    </bndbox>
  </object>
  <object>
    <name>Kangaroo</name>
    <pose>Unspecified</pose>
    <truncated>0</truncated>
    <difficult>0</difficult>
    <bndbox>
      <xmin>588</xmin>
      <ymin>156</ymin>
      <xmax>800</xmax>
      <ymax>290</ymax>
    </bndbox>
  </object>
</annotation>