<?xml version='1.0' encoding='UTF-8'?>
<annotation>
  <filename>Kangaroo_320.jpg</filename>
  <size>
    <width>533</width>
    <height>800</height>
    <depth>3</depth>
  </size>
  <segmented>0</segmented>
  <object>
    <name>Kangaroo</name>
    <pose>Unspecified</pose>
    <truncated>0</truncated>
    <difficult>0</difficult>
    <bndbox>
      <xmin>80</xmin>
      <ymin>202</ymin>
      <xmax>301</xmax>
      <ymax>661</ymax>
    </bndbox>
  </object>
  <object>
    <name>Kangaroo</name>
    <pose>Unspecified</pose>
    <truncated>0</truncated>
    <difficult>0</difficult>
    <bndbox>
      <xmin>263</xmin>
      <ymin>268</ymin>
      <xmax>477</xmax>
      <ymax>663</ymax>
    </bndbox>
  </object>
</annotation>