<?xml version='1.0' encoding='UTF-8'?>
<annotation>
  <filename>Kangaroo_332.jpg</filename>
  <size>
    <width>533</width>
    <height>799</height>
    <depth>3</depth>
  </size>
  <segmented>0</segmented>
  <object>
    <name>Kangaroo</name>
    <pose>Unspecified</pose>
    <truncated>0</truncated>
    <difficult>0</difficult>
    <bndbox>
      <xmin>147</xmin>
      <ymin>28</ymin>
      <xmax>499</xmax>
      <ymax>738</ymax>
    </bndbox>
  </object>
  <object>
    <name>Kangaroo</name>
    <pose>Unspecified</pose>
    <truncated>0</truncated>
    <difficult>0</difficult>
    <bndbox>
      <xmin>75</xmin>
      <ymin>128</ymin>
      <xmax>122</xmax>
      <ymax>162</ymax>
    </bndbox>
  </object>
  <object>
    <name>Kangaroo</name>
    <pose>Unspecified</pose>
    <truncated>0</truncated>
    <difficult>0</difficult>
    <bndbox>
      <xmin>420</xmin>
      <ymin>122</ymin>
      <xmax>459</xmax>
      <ymax>155</ymax>
    </bndbox>
  </object>
</annotation>