<?xml version='1.0' encoding='UTF-8'?>
<annotation>
  <filename>Kangaroo_349.jpg</filename>
  <size>
    <width>800</width>
    <height>600</height>
    <depth>3</depth>
  </size>
  <segmented>0</segmented>
  <object>
    <name>Kangaroo</name>
    <pose>Unspecified</pose>
    <truncated>0</truncated>
    <difficult>0</difficult>
    <bndbox>
      <xmin>128</xmin>
      <ymin>176</ymin>
      <xmax>410</xmax>
      <ymax>492</ymax>
    </bndbox>
  </object>
  <object>
    <name>Kangaroo</name>
    <pose>Unspecified</pose>
    <truncated>0</truncated>
    <difficult>0</difficult>
    <bndbox>
      <xmin>393</xmin>
      <ymin>245</ymin>
      <xmax>647</xmax>
      <ymax>456</ymax>
    </bndbox>
  </object>
</annotation>