<?xml version='1.0' encoding='UTF-8'?>
<annotation>
  <filename>Kangaroo_345.jpg</filename>
  <size>
    <width>800</width>
    <height>645</height>
    <depth>3</depth>
  </size>
  <segmented>0</segmented>
  <object>
    <name>Kangaroo</name>
    <pose>Unspecified</pose>
    <truncated>0</truncated>
    <difficult>0</difficult>
    <bndbox>
      <xmin>161</xmin>
      <ymin>388</ymin>
      <xmax>403</xmax>
      <ymax>623</ymax>
    </bndbox>
  </object>
  <object>
    <name>Kangaroo</name>
    <pose>Unspecified</pose>
    <truncated>0</truncated>
    <difficult>0</difficult>
    <bndbox>
      <xmin>212</xmin>
      <ymin>48</ymin>
      <xmax>684</xmax>
      <ymax>602</ymax>
    </bndbox>
  </object>
</annotation>