<?xml version='1.0' encoding='UTF-8'?>
<annotation>
  <filename>Kangaroo_50.jpg</filename>
  <size>
    <width>800</width>
    <height>601</height>
    <depth>3</depth>
  </size>
  <segmented>0</segmented>
  <object>
    <name>Kangaroo</name>
    <pose>Unspecified</pose>
    <truncated>0</truncated>
    <difficult>0</difficult>
    <bndbox>
      <xmin>314</xmin>
      <ymin>79</ymin>
      <xmax>502</xmax>
      <ymax>455</ymax>
    </bndbox>
  </object>
  <object>
    <name>Kangaroo</name>
    <pose>Unspecified</pose>
    <truncated>0</truncated>
    <difficult>0</difficult>
    <bndbox>
      <xmin>92</xmin>
      <ymin>283</ymin>
      <xmax>417</xmax>
      <ymax>481</ymax>
    </bndbox>
  </object>
</annotation>