<?xml version='1.0' encoding='UTF-8'?>
<annotation>
  <filename>Kangaroo_279.jpg</filename>
  <size>
    <width>800</width>
    <height>600</height>
    <depth>3</depth>
  </size>
  <segmented>0</segmented>
  <object>
    <name>Kangaroo</name>
    <pose>Unspecified</pose>
    <truncated>0</truncated>
    <difficult>0</difficult>
    <bndbox>
      <xmin>1</xmin>
      <ymin>203</ymin>
      <xmax>378</xmax>
      <ymax>600</ymax>
    </bndbox>
  </object>
  <object>
    <name>Kangaroo</name>
    <pose>Unspecified</pose>
    <truncated>0</truncated>
    <difficult>0</difficult>
    <bndbox>
      <xmin>249</xmin>
      <ymin>204</ymin>
      <xmax>592</xmax>
      <ymax>600</ymax>
    </bndbox>
  </object>
</annotation>