<?xml version='1.0' encoding='UTF-8'?>
<annotation>
  <filename>Kangaroo_267.jpg</filename>
  <size>
    <width>799</width>
    <height>422</height>
    <depth>3</depth>
  </size>
  <segmented>0</segmented>
  <object>
    <name>Kangaroo</name>
    <pose>Unspecified</pose>
    <truncated>0</truncated>
    <difficult>0</difficult>
    <bndbox>
      <xmin>349</xmin>
      <ymin>30</ymin>
      <xmax>792</xmax>
      <ymax>385</ymax>
    </bndbox>
  </object>
  <object>
    <name>Kangaroo</name>
    <pose>Unspecified</pose>
    <truncated>0</truncated>
    <difficult>0</difficult>
    <bndbox>
      <xmin>122</xmin>
      <ymin>165</ymin>
      <xmax>434</xmax>
      <ymax>416</ymax>
    </bndbox>
  </object>
  <object>
    <name>Kangaroo</name>
    <pose>Unspecified</pose>
    <truncated>0</truncated>
    <difficult>0</difficult>
    <bndbox>
      <xmin>16</xmin>
      <ymin>6</ymin>
      <xmax>358</xmax>
      <ymax>389</ymax>
    </bndbox>
  </object>
</annotation>