<?xml version='1.0' encoding='UTF-8'?>
<annotation>
  <filename>Kangaroo_62.jpg</filename>
  <size>
    <width>800</width>
    <height>575</height>
    <depth>3</depth>
  </size>
  <segmented>0</segmented>
  <object>
    <name>Kangaroo</name>
    <pose>Unspecified</pose>
    <truncated>0</truncated>
    <difficult>0</difficult>
    <bndbox>
      <xmin>1</xmin>
      <ymin>39</ymin>
      <xmax>733</xmax>
      <ymax>524</ymax>
    </bndbox>
  </object>
  <object>
    <name>Kangaroo</name>
    <pose>Unspecified</pose>
    <truncated>0</truncated>
    <difficult>0</difficult>
    <bndbox>
      <xmin>312</xmin>
      <ymin>18</ymin>
      <xmax>729</xmax>
      <ymax>368</ymax>
    </bndbox>
  </object>
</annotation>