<?xml version='1.0' encoding='UTF-8'?>
<annotation>
  <filename>Kangaroo_158.jpg</filename>
  <size>
    <width>600</width>
    <height>800</height>
    <depth>3</depth>
  </size>
  <segmented>0</segmented>
  <object>
    <name>Kangaroo</name>
    <pose>Unspecified</pose>
    <truncated>0</truncated>
    <difficult>0</difficult>
    <bndbox>
      <xmin>321</xmin>
      <ymin>404</ymin>
      <xmax>521</xmax>
      <ymax>709</ymax>
    </bndbox>
  </object>
  <object>
    <name>Kangaroo</name>
    <pose>Unspecified</pose>
    <truncated>0</truncated>
    <difficult>0</difficult>
    <bndbox>
      <xmin>181</xmin>
      <ymin>157</ymin>
      <xmax>370</xmax>
      <ymax>693</ymax>
    </bndbox>
  </object>
  <object>
    <name>Kangaroo</name>
    <pose>Unspecified</pose>
    <truncated>0</truncated>
    <difficult>0</difficult>
    <bndbox>
      <xmin>253</xmin>
      <ymin>228</ymin>
      <xmax>502</xmax>
      <ymax>316</ymax>
    </bndbox>
  </object>
  <object>
    <name>Kangaroo</name>
    <pose>Unspecified</pose>
    <truncated>0</truncated>
    <difficult>0</difficult>
    <bndbox>
      <xmin>468</xmin>
      <ymin>223</ymin>
      <xmax>599</xmax>
      <ymax>393</ymax>
    </bndbox>
  </object>
</annotation>