<?xml version='1.0' encoding='UTF-8'?>
<annotation>
  <filename>Kangaroo_17.jpg</filename>
  <size>
    <width>799</width>
    <height>626</height>
    <depth>3</depth>
  </size>
  <segmented>0</segmented>
  <object>
    <name>Kangaroo</name>
    <pose>Unspecified</pose>
    <truncated>0</truncated>
    <difficult>0</difficult>
    <bndbox>
      <xmin>114</xmin>
      <ymin>189</ymin>
      <xmax>410</xmax>
      <ymax>565</ymax>
    </bndbox>
  </object>
  <object>
    <name>Kangaroo</name>
    <pose>Unspecified</pose>
    <truncated>0</truncated>
    <difficult>0</difficult>
    <bndbox>
      <xmin>53</xmin>
      <ymin>46</ymin>
      <xmax>279</xmax>
      <ymax>494</ymax>
    </bndbox>
  </object>
  <object>
    <name>Kangaroo</name>
    <pose>Unspecified</pose>
    <truncated>0</truncated>
    <difficult>0</difficult>
    <bndbox>
      <xmin>239</xmin>
      <ymin>260</ymin>
      <xmax>773</xmax>
      <ymax>579</ymax>
    </bndbox>
  </object>
</annotation>