<?xml version='1.0' encoding='UTF-8'?>
<annotation>
  <filename>Kangaroo_93.jpg</filename>
  <size>
    <width>542</width>
    <height>800</height>
    <depth>3</depth>
  </size>
  <segmented>0</segmented>
  <object>
    <name>Kangaroo</name>
    <pose>Unspecified</pose>
    <truncated>0</truncated>
    <difficult>0</difficult>
    <bndbox>
      <xmin>27</xmin>
      <ymin>80</ymin>
      <xmax>408</xmax>
      <ymax>659</ymax>
    </bndbox>
  </object>
  <object>
    <name>Kangaroo</name>
    <pose>Unspecified</pose>
    <truncated>0</truncated>
    <difficult>0</difficult>
    <bndbox>
      <xmin>220</xmin>
      <ymin>422</ymin>
      <xmax>299</xmax>
      <ymax>538</ymax>
    </bndbox>
  </object>
</annotation>