<?xml version='1.0' encoding='UTF-8'?>
<annotation>
  <filename>Kangaroo_295.jpg</filename>
  <size>
    <width>799</width>
    <height>534</height>
    <depth>3</depth>
  </size>
  <segmented>0</segmented>
  <object>
    <name>Kangaroo</name>
    <pose>Unspecified</pose>
    <truncated>0</truncated>
    <difficult>0</difficult>
    <bndbox>
      <xmin>181</xmin>
      <ymin>44</ymin>
      <xmax>454</xmax>
      <ymax>434</ymax>
    </bndbox>
  </object>
  <object>
    <name>Kangaroo</name>
    <pose>Unspecified</pose>
    <truncated>0</truncated>
    <difficult>0</difficult>
    <bndbox>
      <xmin>390</xmin>
      <ymin>21</ymin>
      <xmax>778</xmax>
      <ymax>533</ymax>
    </bndbox>
  </object>
</annotation>