<?xml version='1.0' encoding='UTF-8'?>
<annotation>
  <filename>Kangaroo_127.jpg</filename>
  <size>
    <width>800</width>
    <height>600</height>
    <depth>3</depth>
  </size>
  <segmented>0</segmented>
  <object>
    <name>Kangaroo</name>
    <pose>Unspecified</pose>
    <truncated>0</truncated>
    <difficult>0</difficult>
    <bndbox>
      <xmin>173</xmin>
      <ymin>271</ymin>
      <xmax>540</xmax>
      <ymax>529</ymax>
    </bndbox>
  </object>
  <object>
    <name>Kangaroo</name>
    <pose>Unspecified</pose>
    <truncated>0</truncated>
    <difficult>0</difficult>
    <bndbox>
      <xmin>266</xmin>
      <ymin>13</ymin>
      <xmax>781</xmax>
      <ymax>511</ymax>
    </bndbox>
  </object>
</annotation>