<?xml version='1.0' encoding='UTF-8'?>
<annotation>
  <filename>Kangaroo_52.jpg</filename>
  <size>
    <width>799</width>
    <height>533</height>
    <depth>3</depth>
  </size>
  <segmented>0</segmented>
  <object>
    <name>Kangaroo</name>
    <pose>Unspecified</pose>
    <truncated>0</truncated>
    <difficult>0</difficult>
    <bndbox>
      <xmin>336</xmin>
      <ymin>313</ymin>
      <xmax>442</xmax>
      <ymax>418</ymax>
    </bndbox>
  </object>
  <object>
    <name>Kangaroo</name>
    <pose>Unspecified</pose>
    <truncated>0</truncated>
    <difficult>0</difficult>
    <bndbox>
      <xmin>32</xmin>
      <ymin>96</ymin>
      <xmax>584</xmax>
      <ymax>494</ymax>
    </bndbox>
  </object>
</annotation>