<?xml version='1.0' encoding='UTF-8'?>
<annotation>
  <filename>Kangaroo_347.jpg</filename>
  <size>
    <width>800</width>
    <height>531</height>
    <depth>3</depth>
  </size>
  <segmented>0</segmented>
  <object>
    <name>Kangaroo</name>
    <pose>Unspecified</pose>
    <truncated>0</truncated>
    <difficult>0</difficult>
    <bndbox>
      <xmin>329</xmin>
      <ymin>266</ymin>
      <xmax>796</xmax>
      <ymax>489</ymax>
    </bndbox>
  </object>
  <object>
    <name>Kangaroo</name>
    <pose>Unspecified</pose>
    <truncated>0</truncated>
    <difficult>0</difficult>
    <bndbox>
      <xmin>291</xmin>
      <ymin>1</ymin>
      <xmax>481</xmax>
      <ymax>453</ymax>
    </bndbox>
  </object>
</annotation>