<?xml version='1.0' encoding='UTF-8'?>
<annotation>
  <filename>Kangaroo_249.jpg</filename>
  <size>
    <width>533</width>
    <height>799</height>
    <depth>3</depth>
  </size>
  <segmented>0</segmented>
  <object>
    <name>Kangaroo</name>
    <pose>Unspecified</pose>
    <truncated>0</truncated>
    <difficult>0</difficult>
    <bndbox>
      <xmin>112</xmin>
      <ymin>365</ymin>
      <xmax>412</xmax>
      <ymax>642</ymax>
    </bndbox>
  </object>
  <object>
    <name>Kangaroo</name>
    <pose>Unspecified</pose>
    <truncated>0</truncated>
    <difficult>0</difficult>
    <bndbox>
      <xmin>0</xmin>
      <ymin>201</ymin>
      <xmax>463</xmax>
      <ymax>566</ymax>
    </bndbox>
  </object>
</annotation>