<?xml version='1.0' encoding='UTF-8'?>
<annotation>
  <filename>Kangaroo_272.jpg</filename>
  <size>
    <width>800</width>
    <height>533</height>
    <depth>3</depth>
  </size>
  <segmented>0</segmented>
  <object>
    <name>Kangaroo</name>
    <pose>Unspecified</pose>
    <truncated>0</truncated>
    <difficult>0</difficult>
    <bndbox>
      <xmin>212</xmin>
      <ymin>26</ymin>
      <xmax>620</xmax>
      <ymax>532</ymax>
    </bndbox>
  </object>
  <object>
    <name>Kangaroo</name>
    <pose>Unspecified</pose>
    <truncated>0</truncated>
    <difficult>0</difficult>
    <bndbox>
      <xmin>335</xmin>
      <ymin>307</ymin>
      <xmax>433</xmax>
      <ymax>419</ymax>
    </bndbox>
  </object>
</annotation>