<?xml version='1.0' encoding='UTF-8'?>
<annotation>
  <filename>Kangaroo_98.jpg</filename>
  <size>
    <width>800</width>
    <height>800</height>
    <depth>3</depth>
  </size>
  <segmented>0</segmented>
  <object>
    <name>Kangaroo</name>
    <pose>Unspecified</pose>
    <truncated>0</truncated>
    <difficult>0</difficult>
    <bndbox>
      <xmin>198</xmin>
      <ymin>63</ymin>
      <xmax>677</xmax>
      <ymax>800</ymax>
    </bndbox>
  </object>
  <object>
    <name>Kangaroo</name>
    <pose>Unspecified</pose>
    <truncated>0</truncated>
    <difficult>0</difficult>
    <bndbox>
      <xmin>634</xmin>
      <ymin>8</ymin>
      <xmax>798</xmax>
      <ymax>170</ymax>
    </bndbox>
  </object>
</annotation>