<?xml version='1.0' encoding='UTF-8'?>
<annotation><filename>Cat_Download_2_46.jpg</filename><size><width>1024</width><height>683</height><depth>3</depth></size><segmented>0</segmented><object><name>Cat</name><pose>Unspecified</pose><truncated>0</truncated><difficult>0</difficult><bndbox><xmin>0</xmin><ymin>0</ymin><xmax>357</xmax><ymax>383</ymax></bndbox></object><object><name>Cat</name><pose>Unspecified</pose><truncated>0</truncated><difficult>0</difficult><bndbox><xmin>328</xmin><ymin>0</ymin><xmax>740</xmax><ymax>502</ymax></bndbox></object><object><name>Cat</name><pose>Unspecified</pose><truncated>0</truncated><difficult>0</difficult><bndbox><xmin>687</xmin><ymin>228</ymin><xmax>1024</xmax><ymax>600</ymax></bndbox></object></annotation>