<?xml version='1.0' encoding='UTF-8'?>
<annotation><filename>Cat_Download_2_232.jpg</filename><size><width>1024</width><height>768</height><depth>3</depth></size><segmented>0</segmented><object><name>Cat</name><pose>Unspecified</pose><truncated>0</truncated><difficult>0</difficult><bndbox><xmin>110</xmin><ymin>406</ymin><xmax>497</xmax><ymax>588</ymax></bndbox></object><object><name>Cat</name><pose>Unspecified</pose><truncated>0</truncated><difficult>0</difficult><bndbox><xmin>486</xmin><ymin>300</ymin><xmax>788</xmax><ymax>683</ymax></bndbox></object></annotation>