<?xml version='1.0' encoding='UTF-8'?>
<annotation><filename>Cat_Download_2_14.jpg</filename><size><width>1024</width><height>768</height><depth>3</depth></size><segmented>0</segmented><object><name>Cat</name><pose>Unspecified</pose><truncated>0</truncated><difficult>0</difficult><bndbox><xmin>339</xmin><ymin>413</ymin><xmax>460</xmax><ymax>532</ymax></bndbox></object><object><name>Cat</name><pose>Unspecified</pose><truncated>0</truncated><difficult>0</difficult><bndbox><xmin>417</xmin><ymin>372</ymin><xmax>529</xmax><ymax>494</ymax></bndbox></object></annotation>