<?xml version='1.0' encoding='UTF-8'?>
<annotation><filename>Cat_Download_2_185.jpg</filename><size><width>768</width><height>1024</height><depth>3</depth></size><segmented>0</segmented><object><name>Cat</name><pose>Unspecified</pose><truncated>0</truncated><difficult>0</difficult><bndbox><xmin>35</xmin><ymin>406</ymin><xmax>767</xmax><ymax>875</ymax></bndbox></object><object><name>Cat</name><pose>Unspecified</pose><truncated>0</truncated><difficult>0</difficult><bndbox><xmin>331</xmin><ymin>344</ymin><xmax>696</xmax><ymax>698</ymax></bndbox></object></annotation>