<?xml version='1.0' encoding='UTF-8'?>
<annotation><filename>Cat_Download_2_265.jpg</filename><size><width>1024</width><height>688</height><depth>3</depth></size><segmented>0</segmented><object><name>Cat</name><pose>Unspecified</pose><truncated>0</truncated><difficult>0</difficult><bndbox><xmin>0</xmin><ymin>165</ymin><xmax>791</xmax><ymax>687</ymax></bndbox></object><object><name>Cat</name><pose>Unspecified</pose><truncated>0</truncated><difficult>0</difficult><bndbox><xmin>0</xmin><ymin>51</ymin><xmax>968</xmax><ymax>520</ymax></bndbox></object></annotation>