<?xml version='1.0' encoding='UTF-8'?>
<annotation><filename>Cat_Download_2_160.jpg</filename><size><width>1024</width><height>982</height><depth>3</depth></size><segmented>0</segmented><object><name>Cat</name><pose>Unspecified</pose><truncated>0</truncated><difficult>0</difficult><bndbox><xmin>184</xmin><ymin>163</ymin><xmax>726</xmax><ymax>749</ymax></bndbox></object><object><name>Cat</name><pose>Unspecified</pose><truncated>0</truncated><difficult>0</difficult><bndbox><xmin>445</xmin><ymin>124</ymin><xmax>955</xmax><ymax>737</ymax></bndbox></object></annotation>