<?xml version='1.0' encoding='UTF-8'?>
<annotation><filename>Cat_Download_2_86.jpg</filename><size><width>1024</width><height>1024</height><depth>3</depth></size><segmented>0</segmented><object><name>Cat</name><pose>Unspecified</pose><truncated>0</truncated><difficult>0</difficult><bndbox><xmin>38</xmin><ymin>637</ymin><xmax>550</xmax><ymax>910</ymax></bndbox></object><object><name>Cat</name><pose>Unspecified</pose><truncated>0</truncated><difficult>0</difficult><bndbox><xmin>45</xmin><ymin>576</ymin><xmax>667</xmax><ymax>774</ymax></bndbox></object></annotation>