<?xml version='1.0' encoding='UTF-8'?>
<annotation><filename>Cat_Download_2_48.jpg</filename><size><width>959</width><height>1024</height><depth>3</depth></size><segmented>0</segmented><object><name>Cat</name><pose>Unspecified</pose><truncated>0</truncated><difficult>0</difficult><bndbox><xmin>122</xmin><ymin>233</ymin><xmax>724</xmax><ymax>774</ymax></bndbox></object><object><name>Cat</name><pose>Unspecified</pose><truncated>0</truncated><difficult>0</difficult><bndbox><xmin>239</xmin><ymin>222</ymin><xmax>738</xmax><ymax>545</ymax></bndbox></object></annotation>