<?xml version='1.0' encoding='UTF-8'?>
<annotation><filename>Cat_Download_2_141.jpg</filename><size><width>1024</width><height>768</height><depth>3</depth></size><segmented>0</segmented><object><name>Cat</name><pose>Unspecified</pose><truncated>0</truncated><difficult>0</difficult><bndbox><xmin>37</xmin><ymin>25</ymin><xmax>692</xmax><ymax>767</ymax></bndbox></object><object><name>Cat</name><pose>Unspecified</pose><truncated>0</truncated><difficult>0</difficult><bndbox><xmin>426</xmin><ymin>106</ymin><xmax>995</xmax><ymax>550</ymax></bndbox></object></annotation>