<?xml version='1.0' encoding='UTF-8'?>
<annotation><filename>Cat_Download_2_227.jpg</filename><size><width>1024</width><height>681</height><depth>3</depth></size><segmented>0</segmented><object><name>Cat</name><pose>Unspecified</pose><truncated>0</truncated><difficult>0</difficult><bndbox><xmin>64</xmin><ymin>0</ymin><xmax>623</xmax><ymax>386</ymax></bndbox></object><object><name>Cat</name><pose>Unspecified</pose><truncated>0</truncated><difficult>0</difficult><bndbox><xmin>198</xmin><ymin>224</ymin><xmax>1023</xmax><ymax>680</ymax></bndbox></object><object><name>Cat</name><pose>Unspecified</pose><truncated>0</truncated><difficult>0</difficult><bndbox><xmin>566</xmin><ymin>151</ymin><xmax>1010</xmax><ymax>472</ymax></bndbox></object></annotation>