<?xml version='1.0' encoding='UTF-8'?>
<annotation><filename>Cat_Download_2_198.jpg</filename><size><width>1024</width><height>1024</height><depth>3</depth></size><segmented>0</segmented><object><name>Cat</name><pose>Unspecified</pose><truncated>0</truncated><difficult>0</difficult><bndbox><xmin>59</xmin><ymin>559</ymin><xmax>1000</xmax><ymax>825</ymax></bndbox></object><object><name>Cat</name><pose>Unspecified</pose><truncated>0</truncated><difficult>0</difficult><bndbox><xmin>339</xmin><ymin>157</ymin><xmax>622</xmax><ymax>293</ymax></bndbox></object><object><name>Cat</name><pose>Unspecified</pose><truncated>0</truncated><difficult>0</difficult><bndbox><xmin>577</xmin><ymin>214</ymin><xmax>830</xmax><ymax>614</ymax></bndbox></object></annotation>