<?xml version='1.0' encoding='UTF-8'?>
<annotation><filename>Cat_Download_2_169.jpg</filename><size><width>1024</width><height>683</height><depth>3</depth></size><segmented>0</segmented><object><name>Cat</name><pose>Unspecified</pose><truncated>0</truncated><difficult>0</difficult><bndbox><xmin>204</xmin><ymin>15</ymin><xmax>906</xmax><ymax>643</ymax></bndbox></object><object><name>Cat</name><pose>Unspecified</pose><truncated>0</truncated><difficult>0</difficult><bndbox><xmin>450</xmin><ymin>409</ymin><xmax>844</xmax><ymax>617</ymax></bndbox></object></annotation>