<?xml version='1.0' encoding='UTF-8'?>
<annotation><filename>Cat_Download_2_244.jpg</filename><size><width>1024</width><height>768</height><depth>3</depth></size><segmented>0</segmented><object><name>Cat</name><pose>Unspecified</pose><truncated>0</truncated><difficult>0</difficult><bndbox><xmin>0</xmin><ymin>120</ymin><xmax>611</xmax><ymax>637</ymax></bndbox></object><object><name>Cat</name><pose>Unspecified</pose><truncated>0</truncated><difficult>0</difficult><bndbox><xmin>552</xmin><ymin>44</ymin><xmax>1023</xmax><ymax>602</ymax></bndbox></object></annotation>