<?xml version='1.0' encoding='UTF-8'?>
<annotation><filename>Cat_Download_2_7.jpg</filename><size><width>1024</width><height>683</height><depth>3</depth></size><segmented>0</segmented><object><name>Cat</name><pose>Unspecified</pose><truncated>0</truncated><difficult>0</difficult><bndbox><xmin>11</xmin><ymin>0</ymin><xmax>851</xmax><ymax>682</ymax></bndbox></object><object><name>Cat</name><pose>Unspecified</pose><truncated>0</truncated><difficult>0</difficult><bndbox><xmin>483</xmin><ymin>0</ymin><xmax>1023</xmax><ymax>607</ymax></bndbox></object></annotation>