<?xml version='1.0' encoding='UTF-8'?>
<annotation><filename>Cat_Download_2_167.jpg</filename><size><width>1024</width><height>576</height><depth>3</depth></size><segmented>0</segmented><object><name>Cat</name><pose>Unspecified</pose><truncated>0</truncated><difficult>0</difficult><bndbox><xmin>111</xmin><ymin>143</ymin><xmax>851</xmax><ymax>545</ymax></bndbox></object><object><name>Cat</name><pose>Unspecified</pose><truncated>0</truncated><difficult>0</difficult><bndbox><xmin>545</xmin><ymin>44</ymin><xmax>834</xmax><ymax>289</ymax></bndbox></object></annotation>