<?xml version='1.0' encoding='UTF-8'?>
<annotation><filename>Cat_Download_2_98.jpg</filename><size><width>1024</width><height>768</height><depth>3</depth></size><segmented>0</segmented><object><name>Cat</name><pose>Unspecified</pose><truncated>0</truncated><difficult>0</difficult><bndbox><xmin>0</xmin><ymin>321</ymin><xmax>533</xmax><ymax>761</ymax></bndbox></object><object><name>Cat</name><pose>Unspecified</pose><truncated>0</truncated><difficult>0</difficult><bndbox><xmin>517</xmin><ymin>29</ymin><xmax>1023</xmax><ymax>528</ymax></bndbox></object></annotation>