<?xml version='1.0' encoding='UTF-8'?>
<annotation><filename>Cat_Download_2_41.jpg</filename><size><width>1024</width><height>674</height><depth>3</depth></size><segmented>0</segmented><object><name>Cat</name><pose>Unspecified</pose><truncated>0</truncated><difficult>0</difficult><bndbox><xmin>40</xmin><ymin>136</ymin><xmax>422</xmax><ymax>422</ymax></bndbox></object><object><name>Cat</name><pose>Unspecified</pose><truncated>0</truncated><difficult>0</difficult><bndbox><xmin>271</xmin><ymin>288</ymin><xmax>530</xmax><ymax>633</ymax></bndbox></object><object><name>Cat</name><pose>Unspecified</pose><truncated>0</truncated><difficult>0</difficult><bndbox><xmin>428</xmin><ymin>167</ymin><xmax>719</xmax><ymax>512</ymax></bndbox></object><object><name>Cat</name><pose>Unspecified</pose><truncated>0</truncated><difficult>0</difficult><bndbox><xmin>584</xmin><ymin>241</ymin><xmax>1023</xmax><ymax>529</ymax></bndbox></object></annotation>