<?xml version='1.0' encoding='UTF-8'?>
<annotation><filename>Cat_Download_2_61.jpg</filename><size><width>1024</width><height>765</height><depth>3</depth></size><segmented>0</segmented><object><name>Cat</name><pose>Unspecified</pose><truncated>0</truncated><difficult>0</difficult><bndbox><xmin>136</xmin><ymin>246</ymin><xmax>733</xmax><ymax>670</ymax></bndbox></object><object><name>Cat</name><pose>Unspecified</pose><truncated>0</truncated><difficult>0</difficult><bndbox><xmin>446</xmin><ymin>150</ymin><xmax>1023</xmax><ymax>764</ymax></bndbox></object></annotation>