<?xml version='1.0' encoding='UTF-8'?>
<annotation><filename>Cat_Download_2_252.jpg</filename><size><width>1024</width><height>768</height><depth>3</depth></size><segmented>0</segmented><object><name>Cat</name><pose>Unspecified</pose><truncated>0</truncated><difficult>0</difficult><bndbox><xmin>181</xmin><ymin>161</ymin><xmax>356</xmax><ymax>422</ymax></bndbox></object><object><name>Cat</name><pose>Unspecified</pose><truncated>0</truncated><difficult>0</difficult><bndbox><xmin>255</xmin><ymin>182</ymin><xmax>744</xmax><ymax>610</ymax></bndbox></object><object><name>Cat</name><pose>Unspecified</pose><truncated>0</truncated><difficult>0</difficult><bndbox><xmin>340</xmin><ymin>104</ymin><xmax>714</xmax><ymax>351</ymax></bndbox></object><object><name>Cat</name><pose>Unspecified</pose><truncated>0</truncated><difficult>0</difficult><bndbox><xmin>401</xmin><ymin>280</ymin><xmax>655</xmax><ymax>553</ymax></bndbox></object></annotation>