<?xml version='1.0' encoding='UTF-8'?>
<annotation><filename>Cat_Download_2_74.jpg</filename><size><width>1024</width><height>768</height><depth>3</depth></size><segmented>0</segmented><object><name>Cat</name><pose>Unspecified</pose><truncated>0</truncated><difficult>0</difficult><bndbox><xmin>109</xmin><ymin>237</ymin><xmax>485</xmax><ymax>627</ymax></bndbox></object><object><name>Cat</name><pose>Unspecified</pose><truncated>0</truncated><difficult>0</difficult><bndbox><xmin>542</xmin><ymin>181</ymin><xmax>955</xmax><ymax>632</ymax></bndbox></object></annotation>