<?xml version='1.0' encoding='UTF-8'?>
<annotation><filename>Cat_Download_2_157.jpg</filename><size><width>1024</width><height>768</height><depth>3</depth></size><segmented>0</segmented><object><name>Cat</name><pose>Unspecified</pose><truncated>0</truncated><difficult>0</difficult><bndbox><xmin>208</xmin><ymin>6</ymin><xmax>573</xmax><ymax>723</ymax></bndbox></object><object><name>Cat</name><pose>Unspecified</pose><truncated>0</truncated><difficult>0</difficult><bndbox><xmin>226</xmin><ymin>0</ymin><xmax>1022</xmax><ymax>600</ymax></bndbox></object></annotation>