<?xml version='1.0' encoding='UTF-8'?>
<annotation><filename>Cat_Download_2_220.jpg</filename><size><width>1024</width><height>768</height><depth>3</depth></size><segmented>0</segmented><object><name>Cat</name><pose>Unspecified</pose><truncated>0</truncated><difficult>0</difficult><bndbox><xmin>83</xmin><ymin>0</ymin><xmax>900</xmax><ymax>767</ymax></bndbox></object><object><name>Cat</name><pose>Unspecified</pose><truncated>0</truncated><difficult>0</difficult><bndbox><xmin>218</xmin><ymin>0</ymin><xmax>436</xmax><ymax>121</ymax></bndbox></object></annotation>