<?xml version='1.0' encoding='UTF-8'?>
<annotation>
	<filename>Deer_Download_train_638.jpg</filename>
	<size>
		<width>640</width>
		<height>640</height>
		<depth>3</depth>
	</size>
	<segmented>0</segmented>
	<object>
		<name>Deer</name>
		<pose>Unspecified</pose>
		<truncated>0</truncated>
		<difficult>0</difficult>
		<bndbox>
			<xmin>264</xmin>
			<xmax>532</xmax>
			<ymin>139</ymin>
			<ymax>412</ymax>
		</bndbox>
	</object>
	<object>
		<name>Deer</name>
		<pose>Unspecified</pose>
		<truncated>0</truncated>
		<difficult>0</difficult>
		<bndbox>
			<xmin>202</xmin>
			<xmax>428</xmax>
			<ymin>228</ymin>
			<ymax>547</ymax>
		</bndbox>
	</object>
	<object>
		<name>Deer</name>
		<pose>Unspecified</pose>
		<truncated>0</truncated>
		<difficult>0</difficult>
		<bndbox>
			<xmin>107</xmin>
			<xmax>228</xmax>
			<ymin>146</ymin>
			<ymax>405</ymax>
		</bndbox>
	</object>
</annotation>