<?xml version='1.0' encoding='UTF-8'?>
<annotation>
	<filename>Deer_Download_train_184.jpg</filename>
	<size>
		<width>640</width>
		<height>640</height>
		<depth>3</depth>
	</size>
	<segmented>0</segmented>
	<object>
		<name>Deer</name>
		<pose>Unspecified</pose>
		<truncated>0</truncated>
		<difficult>0</difficult>
		<bndbox>
			<xmin>1</xmin>
			<xmax>83</xmax>
			<ymin>41</ymin>
			<ymax>367</ymax>
		</bndbox>
	</object>
	<object>
		<name>Deer</name>
		<pose>Unspecified</pose>
		<truncated>0</truncated>
		<difficult>0</difficult>
		<bndbox>
			<xmin>487</xmin>
			<xmax>640</xmax>
			<ymin>53</ymin>
			<ymax>410</ymax>
		</bndbox>
	</object>
</annotation>