<?xml version='1.0' encoding='UTF-8'?>
<annotation>
	<filename>Deer_Download_train_235.jpg</filename>
	<size>
		<width>640</width>
		<height>640</height>
		<depth>3</depth>
	</size>
	<segmented>0</segmented>
	<object>
		<name>Deer</name>
		<pose>Unspecified</pose>
		<truncated>0</truncated>
		<difficult>0</difficult>
		<bndbox>
			<xmin>385</xmin>
			<xmax>555</xmax>
			<ymin>131</ymin>
			<ymax>413</ymax>
		</bndbox>
	</object>
	<object>
		<name>Deer</name>
		<pose>Unspecified</pose>
		<truncated>0</truncated>
		<difficult>0</difficult>
		<bndbox>
			<xmin>562</xmin>
			<xmax>640</xmax>
			<ymin>93</ymin>
			<ymax>557</ymax>
		</bndbox>
	</object>
</annotation>