<?xml version='1.0' encoding='UTF-8'?>
<annotation>
	<filename>Deer_Download_train_112.jpg</filename>
	<size>
		<width>640</width>
		<height>640</height>
		<depth>3</depth>
	</size>
	<segmented>0</segmented>
	<object>
		<name>Deer</name>
		<pose>Unspecified</pose>
		<truncated>0</truncated>
		<difficult>0</difficult>
		<bndbox>
			<xmin>96</xmin>
			<xmax>160</xmax>
			<ymin>333</ymin>
			<ymax>418</ymax>
		</bndbox>
	</object>
	<object>
		<name>Deer</name>
		<pose>Unspecified</pose>
		<truncated>0</truncated>
		<difficult>0</difficult>
		<bndbox>
			<xmin>261</xmin>
			<xmax>382</xmax>
			<ymin>332</ymin>
			<ymax>429</ymax>
		</bndbox>
	</object>
	<object>
		<name>Deer</name>
		<pose>Unspecified</pose>
		<truncated>0</truncated>
		<difficult>0</difficult>
		<bndbox>
			<xmin>174</xmin>
			<xmax>248</xmax>
			<ymin>339</ymin>
			<ymax>424</ymax>
		</bndbox>
	</object>
</annotation>