<?xml version='1.0' encoding='UTF-8'?>
<annotation>
	<filename>Deer_Download_train_1188.jpg</filename>
	<size>
		<width>640</width>
		<height>640</height>
		<depth>3</depth>
	</size>
	<segmented>0</segmented>
	<object>
		<name>Deer</name>
		<pose>Unspecified</pose>
		<truncated>0</truncated>
		<difficult>0</difficult>
		<bndbox>
			<xmin>61</xmin>
			<xmax>229</xmax>
			<ymin>75</ymin>
			<ymax>296</ymax>
		</bndbox>
	</object>
	<object>
		<name>Deer</name>
		<pose>Unspecified</pose>
		<truncated>0</truncated>
		<difficult>0</difficult>
		<bndbox>
			<xmin>251</xmin>
			<xmax>480</xmax>
			<ymin>160</ymin>
			<ymax>524</ymax>
		</bndbox>
	</object>
</annotation>