<?xml version='1.0' encoding='UTF-8'?>
<annotation>
	<filename>Deer_Download_train_62.jpg</filename>
	<size>
		<width>640</width>
		<height>640</height>
		<depth>3</depth>
	</size>
	<segmented>0</segmented>
	<object>
		<name>Deer</name>
		<pose>Unspecified</pose>
		<truncated>0</truncated>
		<difficult>0</difficult>
		<bndbox>
			<xmin>82</xmin>
			<xmax>342</xmax>
			<ymin>66</ymin>
			<ymax>522</ymax>
		</bndbox>
	</object>
	<object>
		<name>Deer</name>
		<pose>Unspecified</pose>
		<truncated>0</truncated>
		<difficult>0</difficult>
		<bndbox>
			<xmin>300</xmin>
			<xmax>608</xmax>
			<ymin>63</ymin>
			<ymax>635</ymax>
		</bndbox>
	</object>
</annotation>