<?xml version='1.0' encoding='UTF-8'?>
<annotation>
	<filename>Deer_Download_train_92.jpg</filename>
	<size>
		<width>640</width>
		<height>640</height>
		<depth>3</depth>
	</size>
	<segmented>0</segmented>
	<object>
		<name>Deer</name>
		<pose>Unspecified</pose>
		<truncated>0</truncated>
		<difficult>0</difficult>
		<bndbox>
			<xmin>439</xmin>
			<xmax>583</xmax>
			<ymin>109</ymin>
			<ymax>299</ymax>
		</bndbox>
	</object>
	<object>
		<name>Deer</name>
		<pose>Unspecified</pose>
		<truncated>0</truncated>
		<difficult>0</difficult>
		<bndbox>
			<xmin>470</xmin>
			<xmax>640</xmax>
			<ymin>376</ymin>
			<ymax>596</ymax>
		</bndbox>
	</object>
	<object>
		<name>Deer</name>
		<pose>Unspecified</pose>
		<truncated>0</truncated>
		<difficult>0</difficult>
		<bndbox>
			<xmin>373</xmin>
			<xmax>459</xmax>
			<ymin>159</ymin>
			<ymax>296</ymax>
		</bndbox>
	</object>
	<object>
		<name>Deer</name>
		<pose>Unspecified</pose>
		<truncated>0</truncated>
		<difficult>0</difficult>
		<bndbox>
			<xmin>374</xmin>
			<xmax>469</xmax>
			<ymin>458</ymin>
			<ymax>578</ymax>
		</bndbox>
	</object>
	<object>
		<name>Deer</name>
		<pose>Unspecified</pose>
		<truncated>0</truncated>
		<difficult>0</difficult>
		<bndbox>
			<xmin>227</xmin>
			<xmax>314</xmax>
			<ymin>118</ymin>
			<ymax>231</ymax>
		</bndbox>
	</object>
	<object>
		<name>Deer</name>
		<pose>Unspecified</pose>
		<truncated>0</truncated>
		<difficult>0</difficult>
		<bndbox>
			<xmin>1</xmin>
			<xmax>105</xmax>
			<ymin>118</ymin>
			<ymax>221</ymax>
		</bndbox>
	</object>
	<object>
		<name>Deer</name>
		<pose>Unspecified</pose>
		<truncated>0</truncated>
		<difficult>0</difficult>
		<bndbox>
			<xmin>99</xmin>
			<xmax>305</xmax>
			<ymin>392</ymin>
			<ymax>594</ymax>
		</bndbox>
	</object>
	<object>
		<name>Deer</name>
		<pose>Unspecified</pose>
		<truncated>0</truncated>
		<difficult>0</difficult>
		<bndbox>
			<xmin>33</xmin>
			<xmax>139</xmax>
			<ymin>443</ymin>
			<ymax>565</ymax>
		</bndbox>
	</object>
</annotation>