<?xml version='1.0' encoding='UTF-8'?>
<annotation>
	<filename>Deer_Download_train_128.jpg</filename>
	<size>
		<width>640</width>
		<height>640</height>
		<depth>3</depth>
	</size>
	<segmented>0</segmented>
	<object>
		<name>Deer</name>
		<pose>Unspecified</pose>
		<truncated>0</truncated>
		<difficult>0</difficult>
		<bndbox>
			<xmin>431</xmin>
			<xmax>573</xmax>
			<ymin>151</ymin>
			<ymax>398</ymax>
		</bndbox>
	</object>
	<object>
		<name>Deer</name>
		<pose>Unspecified</pose>
		<truncated>0</truncated>
		<difficult>0</difficult>
		<bndbox>
			<xmin>157</xmin>
			<xmax>376</xmax>
			<ymin>130</ymin>
			<ymax>472</ymax>
		</bndbox>
	</object>
</annotation>