<?xml version='1.0' encoding='UTF-8'?>
<annotation>
	<filename>Deer_Download_train_160.jpg</filename>
	<size>
		<width>640</width>
		<height>640</height>
		<depth>3</depth>
	</size>
	<segmented>0</segmented>
	<object>
		<name>Deer</name>
		<pose>Unspecified</pose>
		<truncated>0</truncated>
		<difficult>0</difficult>
		<bndbox>
			<xmin>375</xmin>
			<xmax>472</xmax>
			<ymin>331</ymin>
			<ymax>426</ymax>
		</bndbox>
	</object>
	<object>
		<name>Deer</name>
		<pose>Unspecified</pose>
		<truncated>0</truncated>
		<difficult>0</difficult>
		<bndbox>
			<xmin>279</xmin>
			<xmax>380</xmax>
			<ymin>318</ymin>
			<ymax>456</ymax>
		</bndbox>
	</object>
	<object>
		<name>Deer</name>
		<pose>Unspecified</pose>
		<truncated>0</truncated>
		<difficult>0</difficult>
		<bndbox>
			<xmin>249</xmin>
			<xmax>288</xmax>
			<ymin>334</ymin>
			<ymax>453</ymax>
		</bndbox>
	</object>
</annotation>