<?xml version='1.0' encoding='UTF-8'?>
<annotation>
	<filename>Deer_Download_train_636.jpg</filename>
	<size>
		<width>640</width>
		<height>640</height>
		<depth>3</depth>
	</size>
	<segmented>0</segmented>
	<object>
		<name>Deer</name>
		<pose>Unspecified</pose>
		<truncated>0</truncated>
		<difficult>0</difficult>
		<bndbox>
			<xmin>3</xmin>
			<xmax>440</xmax>
			<ymin>63</ymin>
			<ymax>640</ymax>
		</bndbox>
	</object>
	<object>
		<name>Deer</name>
		<pose>Unspecified</pose>
		<truncated>0</truncated>
		<difficult>0</difficult>
		<bndbox>
			<xmin>256</xmin>
			<xmax>597</xmax>
			<ymin>267</ymin>
			<ymax>610</ymax>
		</bndbox>
	</object>
</annotation>