<?xml version='1.0' encoding='UTF-8'?>
<annotation>
	<filename>Deer_Download_train_370.jpg</filename>
	<size>
		<width>640</width>
		<height>640</height>
		<depth>3</depth>
	</size>
	<segmented>0</segmented>
	<object>
		<name>Deer</name>
		<pose>Unspecified</pose>
		<truncated>0</truncated>
		<difficult>0</difficult>
		<bndbox>
			<xmin>296</xmin>
			<xmax>560</xmax>
			<ymin>33</ymin>
			<ymax>442</ymax>
		</bndbox>
	</object>
	<object>
		<name>Deer</name>
		<pose>Unspecified</pose>
		<truncated>0</truncated>
		<difficult>0</difficult>
		<bndbox>
			<xmin>5</xmin>
			<xmax>548</xmax>
			<ymin>1</ymin>
			<ymax>618</ymax>
		</bndbox>
	</object>
</annotation>