<?xml version='1.0' encoding='UTF-8'?>
<annotation>
	<filename>Deer_Download_train_39.jpg</filename>
	<size>
		<width>640</width>
		<height>640</height>
		<depth>3</depth>
	</size>
	<segmented>0</segmented>
	<object>
		<name>Deer</name>
		<pose>Unspecified</pose>
		<truncated>0</truncated>
		<difficult>0</difficult>
		<bndbox>
			<xmin>340</xmin>
			<xmax>473</xmax>
			<ymin>358</ymin>
			<ymax>586</ymax>
		</bndbox>
	</object>
	<object>
		<name>Deer</name>
		<pose>Unspecified</pose>
		<truncated>0</truncated>
		<difficult>0</difficult>
		<bndbox>
			<xmin>219</xmin>
			<xmax>297</xmax>
			<ymin>297</ymin>
			<ymax>506</ymax>
		</bndbox>
	</object>
	<object>
		<name>Deer</name>
		<pose>Unspecified</pose>
		<truncated>0</truncated>
		<difficult>0</difficult>
		<bndbox>
			<xmin>68</xmin>
			<xmax>151</xmax>
			<ymin>259</ymin>
			<ymax>383</ymax>
		</bndbox>
	</object>
</annotation>