<?xml version='1.0' encoding='UTF-8'?>
<annotation>
	<filename>Deer_Download_train_74.jpg</filename>
	<size>
		<width>640</width>
		<height>640</height>
		<depth>3</depth>
	</size>
	<segmented>0</segmented>
	<object>
		<name>Deer</name>
		<pose>Unspecified</pose>
		<truncated>0</truncated>
		<difficult>0</difficult>
		<bndbox>
			<xmin>212</xmin>
			<xmax>640</xmax>
			<ymin>67</ymin>
			<ymax>304</ymax>
		</bndbox>
	</object>
	<object>
		<name>Deer</name>
		<pose>Unspecified</pose>
		<truncated>0</truncated>
		<difficult>0</difficult>
		<bndbox>
			<xmin>223</xmin>
			<xmax>603</xmax>
			<ymin>229</ymin>
			<ymax>592</ymax>
		</bndbox>
	</object>
</annotation>