<?xml version='1.0' encoding='UTF-8'?>
<annotation>
	<filename>Deer_Download_train_129.jpg</filename>
	<size>
		<width>640</width>
		<height>640</height>
		<depth>3</depth>
	</size>
	<segmented>0</segmented>
	<object>
		<name>Deer</name>
		<pose>Unspecified</pose>
		<truncated>0</truncated>
		<difficult>0</difficult>
		<bndbox>
			<xmin>459</xmin>
			<xmax>555</xmax>
			<ymin>133</ymin>
			<ymax>406</ymax>
		</bndbox>
	</object>
	<object>
		<name>Deer</name>
		<pose>Unspecified</pose>
		<truncated>0</truncated>
		<difficult>0</difficult>
		<bndbox>
			<xmin>37</xmin>
			<xmax>220</xmax>
			<ymin>104</ymin>
			<ymax>443</ymax>
		</bndbox>
	</object>
</annotation>