<?xml version='1.0' encoding='UTF-8'?>
<annotation>
	<filename>Deer_Download_train_789.jpg</filename>
	<size>
		<width>640</width>
		<height>640</height>
		<depth>3</depth>
	</size>
	<segmented>0</segmented>
	<object>
		<name>Deer</name>
		<pose>Unspecified</pose>
		<truncated>0</truncated>
		<difficult>0</difficult>
		<bndbox>
			<xmin>207</xmin>
			<xmax>501</xmax>
			<ymin>82</ymin>
			<ymax>628</ymax>
		</bndbox>
	</object>
	<object>
		<name>Deer</name>
		<pose>Unspecified</pose>
		<truncated>0</truncated>
		<difficult>0</difficult>
		<bndbox>
			<xmin>567</xmin>
			<xmax>640</xmax>
			<ymin>307</ymin>
			<ymax>547</ymax>
		</bndbox>
	</object>
	<object>
		<name>Deer</name>
		<pose>Unspecified</pose>
		<truncated>0</truncated>
		<difficult>0</difficult>
		<bndbox>
			<xmin>34</xmin>
			<xmax>197</xmax>
			<ymin>341</ymin>
			<ymax>624</ymax>
		</bndbox>
	</object>
</annotation>