<?xml version='1.0' encoding='UTF-8'?>
<annotation>
	<filename>Deer_Download_train_14.jpg</filename>
	<size>
		<width>640</width>
		<height>640</height>
		<depth>3</depth>
	</size>
	<segmented>0</segmented>
	<object>
		<name>Deer</name>
		<pose>Unspecified</pose>
		<truncated>0</truncated>
		<difficult>0</difficult>
		<bndbox>
			<xmin>34</xmin>
			<xmax>283</xmax>
			<ymin>74</ymin>
			<ymax>509</ymax>
		</bndbox>
	</object>
	<object>
		<name>Deer</name>
		<pose>Unspecified</pose>
		<truncated>0</truncated>
		<difficult>0</difficult>
		<bndbox>
			<xmin>324</xmin>
			<xmax>472</xmax>
			<ymin>152</ymin>
			<ymax>564</ymax>
		</bndbox>
	</object>
</annotation>