<?xml version='1.0' encoding='UTF-8'?>
<annotation>
	<filename>Deer_Download_train_421.jpg</filename>
	<size>
		<width>640</width>
		<height>640</height>
		<depth>3</depth>
	</size>
	<segmented>0</segmented>
	<object>
		<name>Deer</name>
		<pose>Unspecified</pose>
		<truncated>0</truncated>
		<difficult>0</difficult>
		<bndbox>
			<xmin>134</xmin>
			<xmax>250</xmax>
			<ymin>237</ymin>
			<ymax>358</ymax>
		</bndbox>
	</object>
	<object>
		<name>Deer</name>
		<pose>Unspecified</pose>
		<truncated>0</truncated>
		<difficult>0</difficult>
		<bndbox>
			<xmin>1</xmin>
			<xmax>295</xmax>
			<ymin>147</ymin>
			<ymax>614</ymax>
		</bndbox>
	</object>
</annotation>