<?xml version='1.0' encoding='UTF-8'?>
<annotation>
	<filename>Deer_Download_train_98.jpg</filename>
	<size>
		<width>640</width>
		<height>640</height>
		<depth>3</depth>
	</size>
	<segmented>0</segmented>
	<object>
		<name>Deer</name>
		<pose>Unspecified</pose>
		<truncated>0</truncated>
		<difficult>0</difficult>
		<bndbox>
			<xmin>57</xmin>
			<xmax>160</xmax>
			<ymin>167</ymin>
			<ymax>243</ymax>
		</bndbox>
	</object>
	<object>
		<name>Deer</name>
		<pose>Unspecified</pose>
		<truncated>0</truncated>
		<difficult>0</difficult>
		<bndbox>
			<xmin>88</xmin>
			<xmax>223</xmax>
			<ymin>246</ymin>
			<ymax>410</ymax>
		</bndbox>
	</object>
	<object>
		<name>Deer</name>
		<pose>Unspecified</pose>
		<truncated>0</truncated>
		<difficult>0</difficult>
		<bndbox>
			<xmin>296</xmin>
			<xmax>470</xmax>
			<ymin>285</ymin>
			<ymax>450</ymax>
		</bndbox>
	</object>
	<object>
		<name>Deer</name>
		<pose>Unspecified</pose>
		<truncated>0</truncated>
		<difficult>0</difficult>
		<bndbox>
			<xmin>504</xmin>
			<xmax>611</xmax>
			<ymin>261</ymin>
			<ymax>423</ymax>
		</bndbox>
	</object>
</annotation>