<?xml version='1.0' encoding='UTF-8'?>
<annotation>
	<filename>Deer_Download_train_176.jpg</filename>
	<size>
		<width>640</width>
		<height>640</height>
		<depth>3</depth>
	</size>
	<segmented>0</segmented>
	<object>
		<name>Deer</name>
		<pose>Unspecified</pose>
		<truncated>0</truncated>
		<difficult>0</difficult>
		<bndbox>
			<xmin>1</xmin>
			<xmax>269</xmax>
			<ymin>4</ymin>
			<ymax>482</ymax>
		</bndbox>
	</object>
	<object>
		<name>Deer</name>
		<pose>Unspecified</pose>
		<truncated>0</truncated>
		<difficult>0</difficult>
		<bndbox>
			<xmin>510</xmin>
			<xmax>640</xmax>
			<ymin>151</ymin>
			<ymax>559</ymax>
		</bndbox>
	</object>
</annotation>