<?xml version='1.0' encoding='UTF-8'?>
<annotation>
	<filename>Deer_Download_train_94.jpg</filename>
	<size>
		<width>640</width>
		<height>640</height>
		<depth>3</depth>
	</size>
	<segmented>0</segmented>
	<object>
		<name>Deer</name>
		<pose>Unspecified</pose>
		<truncated>0</truncated>
		<difficult>0</difficult>
		<bndbox>
			<xmin>436</xmin>
			<xmax>596</xmax>
			<ymin>213</ymin>
			<ymax>476</ymax>
		</bndbox>
	</object>
	<object>
		<name>Deer</name>
		<pose>Unspecified</pose>
		<truncated>0</truncated>
		<difficult>0</difficult>
		<bndbox>
			<xmin>297</xmin>
			<xmax>371</xmax>
			<ymin>92</ymin>
			<ymax>191</ymax>
		</bndbox>
	</object>
	<object>
		<name>Deer</name>
		<pose>Unspecified</pose>
		<truncated>0</truncated>
		<difficult>0</difficult>
		<bndbox>
			<xmin>203</xmin>
			<xmax>386</xmax>
			<ymin>211</ymin>
			<ymax>306</ymax>
		</bndbox>
	</object>
	<object>
		<name>Deer</name>
		<pose>Unspecified</pose>
		<truncated>0</truncated>
		<difficult>0</difficult>
		<bndbox>
			<xmin>220</xmin>
			<xmax>449</xmax>
			<ymin>278</ymin>
			<ymax>632</ymax>
		</bndbox>
	</object>
</annotation>