<?xml version='1.0' encoding='UTF-8'?>
<annotation>
	<filename>Deer_Download_train_424.jpg</filename>
	<size>
		<width>640</width>
		<height>640</height>
		<depth>3</depth>
	</size>
	<segmented>0</segmented>
	<object>
		<name>Deer</name>
		<pose>Unspecified</pose>
		<truncated>0</truncated>
		<difficult>0</difficult>
		<bndbox>
			<xmin>346</xmin>
			<xmax>577</xmax>
			<ymin>245</ymin>
			<ymax>437</ymax>
		</bndbox>
	</object>
	<object>
		<name>Deer</name>
		<pose>Unspecified</pose>
		<truncated>0</truncated>
		<difficult>0</difficult>
		<bndbox>
			<xmin>507</xmin>
			<xmax>640</xmax>
			<ymin>249</ymin>
			<ymax>475</ymax>
		</bndbox>
	</object>
</annotation>