<?xml version='1.0' encoding='UTF-8'?>
<annotation>
	<filename>Deer_Download_train_50.jpg</filename>
	<size>
		<width>640</width>
		<height>640</height>
		<depth>3</depth>
	</size>
	<segmented>0</segmented>
	<object>
		<name>Deer</name>
		<pose>Unspecified</pose>
		<truncated>0</truncated>
		<difficult>0</difficult>
		<bndbox>
			<xmin>60</xmin>
			<xmax>231</xmax>
			<ymin>237</ymin>
			<ymax>449</ymax>
		</bndbox>
	</object>
	<object>
		<name>Deer</name>
		<pose>Unspecified</pose>
		<truncated>0</truncated>
		<difficult>0</difficult>
		<bndbox>
			<xmin>223</xmin>
			<xmax>403</xmax>
			<ymin>105</ymin>
			<ymax>406</ymax>
		</bndbox>
	</object>
	<object>
		<name>Deer</name>
		<pose>Unspecified</pose>
		<truncated>0</truncated>
		<difficult>0</difficult>
		<bndbox>
			<xmin>487</xmin>
			<xmax>616</xmax>
			<ymin>132</ymin>
			<ymax>336</ymax>
		</bndbox>
	</object>
</annotation>