<?xml version='1.0' encoding='UTF-8'?>
<annotation>
	<filename>Deer_Download_train_79.jpg</filename>
	<size>
		<width>640</width>
		<height>640</height>
		<depth>3</depth>
	</size>
	<segmented>0</segmented>
	<object>
		<name>Deer</name>
		<pose>Unspecified</pose>
		<truncated>0</truncated>
		<difficult>0</difficult>
		<bndbox>
			<xmin>269</xmin>
			<xmax>468</xmax>
			<ymin>185</ymin>
			<ymax>405</ymax>
		</bndbox>
	</object>
	<object>
		<name>Deer</name>
		<pose>Unspecified</pose>
		<truncated>0</truncated>
		<difficult>0</difficult>
		<bndbox>
			<xmin>142</xmin>
			<xmax>397</xmax>
			<ymin>318</ymin>
			<ymax>564</ymax>
		</bndbox>
	</object>
</annotation>