<?xml version='1.0' encoding='UTF-8'?>
<annotation>
	<filename>Deer_Download_train_236.jpg</filename>
	<size>
		<width>640</width>
		<height>640</height>
		<depth>3</depth>
	</size>
	<segmented>0</segmented>
	<object>
		<name>Deer</name>
		<pose>Unspecified</pose>
		<truncated>0</truncated>
		<difficult>0</difficult>
		<bndbox>
			<xmin>374</xmin>
			<xmax>555</xmax>
			<ymin>146</ymin>
			<ymax>409</ymax>
		</bndbox>
	</object>
	<object>
		<name>Deer</name>
		<pose>Unspecified</pose>
		<truncated>0</truncated>
		<difficult>0</difficult>
		<bndbox>
			<xmin>517</xmin>
			<xmax>640</xmax>
			<ymin>143</ymin>
			<ymax>545</ymax>
		</bndbox>
	</object>
</annotation>