<?xml version='1.0' encoding='UTF-8'?>
<annotation>
	<filename>Deer_Download_train_161.jpg</filename>
	<size>
		<width>640</width>
		<height>640</height>
		<depth>3</depth>
	</size>
	<segmented>0</segmented>
	<object>
		<name>Deer</name>
		<pose>Unspecified</pose>
		<truncated>0</truncated>
		<difficult>0</difficult>
		<bndbox>
			<xmin>163</xmin>
			<xmax>224</xmax>
			<ymin>334</ymin>
			<ymax>429</ymax>
		</bndbox>
	</object>
	<object>
		<name>Deer</name>
		<pose>Unspecified</pose>
		<truncated>0</truncated>
		<difficult>0</difficult>
		<bndbox>
			<xmin>91</xmin>
			<xmax>131</xmax>
			<ymin>340</ymin>
			<ymax>442</ymax>
		</bndbox>
	</object>
	<object>
		<name>Deer</name>
		<pose>Unspecified</pose>
		<truncated>0</truncated>
		<difficult>0</difficult>
		<bndbox>
			<xmin>220</xmin>
			<xmax>496</xmax>
			<ymin>323</ymin>
			<ymax>567</ymax>
		</bndbox>
	</object>
</annotation>