<?xml version='1.0' encoding='UTF-8'?>
<annotation>
	<filename>Deer_Download_train_110.jpg</filename>
	<size>
		<width>640</width>
		<height>640</height>
		<depth>3</depth>
	</size>
	<segmented>0</segmented>
	<object>
		<name>Deer</name>
		<pose>Unspecified</pose>
		<truncated>0</truncated>
		<difficult>0</difficult>
		<bndbox>
			<xmin>437</xmin>
			<xmax>546</xmax>
			<ymin>326</ymin>
			<ymax>419</ymax>
		</bndbox>
	</object>
	<object>
		<name>Deer</name>
		<pose>Unspecified</pose>
		<truncated>0</truncated>
		<difficult>0</difficult>
		<bndbox>
			<xmin>199</xmin>
			<xmax>254</xmax>
			<ymin>334</ymin>
			<ymax>413</ymax>
		</bndbox>
	</object>
	<object>
		<name>Deer</name>
		<pose>Unspecified</pose>
		<truncated>0</truncated>
		<difficult>0</difficult>
		<bndbox>
			<xmin>299</xmin>
			<xmax>405</xmax>
			<ymin>341</ymin>
			<ymax>418</ymax>
		</bndbox>
	</object>
</annotation>