<?xml version='1.0' encoding='UTF-8'?>
<annotation>
	<filename>Deer_Download_train_171.jpg</filename>
	<size>
		<width>640</width>
		<height>640</height>
		<depth>3</depth>
	</size>
	<segmented>0</segmented>
	<object>
		<name>Deer</name>
		<pose>Unspecified</pose>
		<truncated>0</truncated>
		<difficult>0</difficult>
		<bndbox>
			<xmin>487</xmin>
			<xmax>627</xmax>
			<ymin>72</ymin>
			<ymax>532</ymax>
		</bndbox>
	</object>
	<object>
		<name>Deer</name>
		<pose>Unspecified</pose>
		<truncated>0</truncated>
		<difficult>0</difficult>
		<bndbox>
			<xmin>1</xmin>
			<xmax>103</xmax>
			<ymin>70</ymin>
			<ymax>549</ymax>
		</bndbox>
	</object>
</annotation>