<?xml version='1.0' encoding='UTF-8'?>
<annotation>
	<filename>Deer_Download_train_1012.jpg</filename>
	<size>
		<width>640</width>
		<height>640</height>
		<depth>3</depth>
	</size>
	<segmented>0</segmented>
	<object>
		<name>Deer</name>
		<pose>Unspecified</pose>
		<truncated>0</truncated>
		<difficult>0</difficult>
		<bndbox>
			<xmin>22</xmin>
			<xmax>400</xmax>
			<ymin>75</ymin>
			<ymax>531</ymax>
		</bndbox>
	</object>
	<object>
		<name>Deer</name>
		<pose>Unspecified</pose>
		<truncated>0</truncated>
		<difficult>0</difficult>
		<bndbox>
			<xmin>297</xmin>
			<xmax>640</xmax>
			<ymin>315</ymin>
			<ymax>631</ymax>
		</bndbox>
	</object>
</annotation>