<?xml version='1.0' encoding='UTF-8'?>
<annotation>
	<filename>Deer_Download_train_430.jpg</filename>
	<size>
		<width>640</width>
		<height>640</height>
		<depth>3</depth>
	</size>
	<segmented>0</segmented>
	<object>
		<name>Deer</name>
		<pose>Unspecified</pose>
		<truncated>0</truncated>
		<difficult>0</difficult>
		<bndbox>
			<xmin>319</xmin>
			<xmax>378</xmax>
			<ymin>324</ymin>
			<ymax>406</ymax>
		</bndbox>
	</object>
	<object>
		<name>Deer</name>
		<pose>Unspecified</pose>
		<truncated>0</truncated>
		<difficult>0</difficult>
		<bndbox>
			<xmin>371</xmin>
			<xmax>455</xmax>
			<ymin>339</ymin>
			<ymax>413</ymax>
		</bndbox>
	</object>
</annotation>