<?xml version='1.0' encoding='UTF-8'?>
<annotation>
	<filename>Deer_Download_train_113.jpg</filename>
	<size>
		<width>640</width>
		<height>640</height>
		<depth>3</depth>
	</size>
	<segmented>0</segmented>
	<object>
		<name>Deer</name>
		<pose>Unspecified</pose>
		<truncated>0</truncated>
		<difficult>0</difficult>
		<bndbox>
			<xmin>416</xmin>
			<xmax>502</xmax>
			<ymin>324</ymin>
			<ymax>453</ymax>
		</bndbox>
	</object>
	<object>
		<name>Deer</name>
		<pose>Unspecified</pose>
		<truncated>0</truncated>
		<difficult>0</difficult>
		<bndbox>
			<xmin>276</xmin>
			<xmax>391</xmax>
			<ymin>342</ymin>
			<ymax>507</ymax>
		</bndbox>
	</object>
	<object>
		<name>Deer</name>
		<pose>Unspecified</pose>
		<truncated>0</truncated>
		<difficult>0</difficult>
		<bndbox>
			<xmin>4</xmin>
			<xmax>135</xmax>
			<ymin>372</ymin>
			<ymax>522</ymax>
		</bndbox>
	</object>
</annotation>