<?xml version='1.0' encoding='UTF-8'?>
<annotation>
	<filename>Deer_Download_train_0.jpg</filename>
	<size>
		<width>640</width>
		<height>640</height>
		<depth>3</depth>
	</size>
	<segmented>0</segmented>
	<object>
		<name>Deer</name>
		<pose>Unspecified</pose>
		<truncated>0</truncated>
		<difficult>0</difficult>
		<bndbox>
			<xmin>204</xmin>
			<xmax>312</xmax>
			<ymin>54</ymin>
			<ymax>586</ymax>
		</bndbox>
	</object>
	<object>
		<name>Deer</name>
		<pose>Unspecified</pose>
		<truncated>0</truncated>
		<difficult>0</difficult>
		<bndbox>
			<xmin>379</xmin>
			<xmax>478</xmax>
			<ymin>161</ymin>
			<ymax>547</ymax>
		</bndbox>
	</object>
</annotation>