<?xml version='1.0' encoding='UTF-8'?>
<annotation>
	<filename>Deer_Download_train_80.jpg</filename>
	<size>
		<width>640</width>
		<height>640</height>
		<depth>3</depth>
	</size>
	<segmented>0</segmented>
	<object>
		<name>Deer</name>
		<pose>Unspecified</pose>
		<truncated>0</truncated>
		<difficult>0</difficult>
		<bndbox>
			<xmin>3</xmin>
			<xmax>348</xmax>
			<ymin>99</ymin>
			<ymax>640</ymax>
		</bndbox>
	</object>
	<object>
		<name>Deer</name>
		<pose>Unspecified</pose>
		<truncated>0</truncated>
		<difficult>0</difficult>
		<bndbox>
			<xmin>363</xmin>
			<xmax>638</xmax>
			<ymin>217</ymin>
			<ymax>640</ymax>
		</bndbox>
	</object>
</annotation>