<?xml version='1.0' encoding='UTF-8'?>
<annotation>
	<filename>Deer_Download_train_425.jpg</filename>
	<size>
		<width>640</width>
		<height>640</height>
		<depth>3</depth>
	</size>
	<segmented>0</segmented>
	<object>
		<name>Deer</name>
		<pose>Unspecified</pose>
		<truncated>0</truncated>
		<difficult>0</difficult>
		<bndbox>
			<xmin>199</xmin>
			<xmax>264</xmax>
			<ymin>328</ymin>
			<ymax>484</ymax>
		</bndbox>
	</object>
	<object>
		<name>Deer</name>
		<pose>Unspecified</pose>
		<truncated>0</truncated>
		<difficult>0</difficult>
		<bndbox>
			<xmin>260</xmin>
			<xmax>395</xmax>
			<ymin>337</ymin>
			<ymax>493</ymax>
		</bndbox>
	</object>
	<object>
		<name>Deer</name>
		<pose>Unspecified</pose>
		<truncated>0</truncated>
		<difficult>0</difficult>
		<bndbox>
			<xmin>87</xmin>
			<xmax>147</xmax>
			<ymin>355</ymin>
			<ymax>483</ymax>
		</bndbox>
	</object>
</annotation>