<?xml version='1.0' encoding='UTF-8'?>
<annotation>
	<filename>Deer_Download_train_416.jpg</filename>
	<size>
		<width>640</width>
		<height>640</height>
		<depth>3</depth>
	</size>
	<segmented>0</segmented>
	<object>
		<name>Deer</name>
		<pose>Unspecified</pose>
		<truncated>0</truncated>
		<difficult>0</difficult>
		<bndbox>
			<xmin>280</xmin>
			<xmax>352</xmax>
			<ymin>329</ymin>
			<ymax>408</ymax>
		</bndbox>
	</object>
	<object>
		<name>Deer</name>
		<pose>Unspecified</pose>
		<truncated>0</truncated>
		<difficult>0</difficult>
		<bndbox>
			<xmin>56</xmin>
			<xmax>114</xmax>
			<ymin>349</ymin>
			<ymax>410</ymax>
		</bndbox>
	</object>
</annotation>