<?xml version='1.0' encoding='UTF-8'?>
<annotation>
	<filename>Deer_Download_train_114.jpg</filename>
	<size>
		<width>640</width>
		<height>640</height>
		<depth>3</depth>
	</size>
	<segmented>0</segmented>
	<object>
		<name>Deer</name>
		<pose>Unspecified</pose>
		<truncated>0</truncated>
		<difficult>0</difficult>
		<bndbox>
			<xmin>300</xmin>
			<xmax>397</xmax>
			<ymin>326</ymin>
			<ymax>432</ymax>
		</bndbox>
	</object>
	<object>
		<name>Deer</name>
		<pose>Unspecified</pose>
		<truncated>0</truncated>
		<difficult>0</difficult>
		<bndbox>
			<xmin>184</xmin>
			<xmax>283</xmax>
			<ymin>311</ymin>
			<ymax>448</ymax>
		</bndbox>
	</object>
</annotation>