<?xml version='1.0' encoding='UTF-8'?>
<annotation>
	<filename>Deer_Download_train_756.jpg</filename>
	<size>
		<width>640</width>
		<height>640</height>
		<depth>3</depth>
	</size>
	<segmented>0</segmented>
	<object>
		<name>Deer</name>
		<pose>Unspecified</pose>
		<truncated>0</truncated>
		<difficult>0</difficult>
		<bndbox>
			<xmin>109</xmin>
			<xmax>365</xmax>
			<ymin>21</ymin>
			<ymax>532</ymax>
		</bndbox>
	</object>
	<object>
		<name>Deer</name>
		<pose>Unspecified</pose>
		<truncated>0</truncated>
		<difficult>0</difficult>
		<bndbox>
			<xmin>319</xmin>
			<xmax>551</xmax>
			<ymin>157</ymin>
			<ymax>636</ymax>
		</bndbox>
	</object>
</annotation>