<?xml version='1.0' encoding='UTF-8'?>
<annotation>
	<filename>Deer_Download_train_1138.jpg</filename>
	<size>
		<width>640</width>
		<height>640</height>
		<depth>3</depth>
	</size>
	<segmented>0</segmented>
	<object>
		<name>Deer</name>
		<pose>Unspecified</pose>
		<truncated>0</truncated>
		<difficult>0</difficult>
		<bndbox>
			<xmin>27</xmin>
			<xmax>213</xmax>
			<ymin>161</ymin>
			<ymax>350</ymax>
		</bndbox>
	</object>
	<object>
		<name>Deer</name>
		<pose>Unspecified</pose>
		<truncated>0</truncated>
		<difficult>0</difficult>
		<bndbox>
			<xmin>296</xmin>
			<xmax>504</xmax>
			<ymin>276</ymin>
			<ymax>497</ymax>
		</bndbox>
	</object>
	<object>
		<name>Deer</name>
		<pose>Unspecified</pose>
		<truncated>0</truncated>
		<difficult>0</difficult>
		<bndbox>
			<xmin>513</xmin>
			<xmax>606</xmax>
			<ymin>367</ymin>
			<ymax>575</ymax>
		</bndbox>
	</object>
</annotation>