<?xml version='1.0' encoding='UTF-8'?>
<annotation>
	<filename>Deer_Download_train_366.jpg</filename>
	<size>
		<width>640</width>
		<height>640</height>
		<depth>3</depth>
	</size>
	<segmented>0</segmented>
	<object>
		<name>Deer</name>
		<pose>Unspecified</pose>
		<truncated>0</truncated>
		<difficult>0</difficult>
		<bndbox>
			<xmin>463</xmin>
			<xmax>640</xmax>
			<ymin>51</ymin>
			<ymax>488</ymax>
		</bndbox>
	</object>
	<object>
		<name>Deer</name>
		<pose>Unspecified</pose>
		<truncated>0</truncated>
		<difficult>0</difficult>
		<bndbox>
			<xmin>4</xmin>
			<xmax>516</xmax>
			<ymin>13</ymin>
			<ymax>611</ymax>
		</bndbox>
	</object>
</annotation>