<?xml version='1.0' encoding='UTF-8'?>
<annotation>
	<filename>Deer_Download_train_72.jpg</filename>
	<size>
		<width>640</width>
		<height>640</height>
		<depth>3</depth>
	</size>
	<segmented>0</segmented>
	<object>
		<name>Deer</name>
		<pose>Unspecified</pose>
		<truncated>0</truncated>
		<difficult>0</difficult>
		<bndbox>
			<xmin>272</xmin>
			<xmax>415</xmax>
			<ymin>236</ymin>
			<ymax>477</ymax>
		</bndbox>
	</object>
	<object>
		<name>Deer</name>
		<pose>Unspecified</pose>
		<truncated>0</truncated>
		<difficult>0</difficult>
		<bndbox>
			<xmin>437</xmin>
			<xmax>552</xmax>
			<ymin>201</ymin>
			<ymax>470</ymax>
		</bndbox>
	</object>
</annotation>