<?xml version='1.0' encoding='UTF-8'?>
<annotation>
	<filename>Deer_Download_train_597.jpg</filename>
	<size>
		<width>640</width>
		<height>640</height>
		<depth>3</depth>
	</size>
	<segmented>0</segmented>
	<object>
		<name>Deer</name>
		<pose>Unspecified</pose>
		<truncated>0</truncated>
		<difficult>0</difficult>
		<bndbox>
			<xmin>81</xmin>
			<xmax>524</xmax>
			<ymin>50</ymin>
			<ymax>314</ymax>
		</bndbox>
	</object>
	<object>
		<name>Deer</name>
		<pose>Unspecified</pose>
		<truncated>0</truncated>
		<difficult>0</difficult>
		<bndbox>
			<xmin>333</xmin>
			<xmax>472</xmax>
			<ymin>332</ymin>
			<ymax>587</ymax>
		</bndbox>
	</object>
	<object>
		<name>Deer</name>
		<pose>Unspecified</pose>
		<truncated>0</truncated>
		<difficult>0</difficult>
		<bndbox>
			<xmin>484</xmin>
			<xmax>587</xmax>
			<ymin>320</ymin>
			<ymax>583</ymax>
		</bndbox>
	</object>
</annotation>