<?xml version='1.0' encoding='UTF-8'?>
<annotation>
	<filename>Deer_Download_train_78.jpg</filename>
	<size>
		<width>640</width>
		<height>640</height>
		<depth>3</depth>
	</size>
	<segmented>0</segmented>
	<object>
		<name>Deer</name>
		<pose>Unspecified</pose>
		<truncated>0</truncated>
		<difficult>0</difficult>
		<bndbox>
			<xmin>21</xmin>
			<xmax>277</xmax>
			<ymin>1</ymin>
			<ymax>479</ymax>
		</bndbox>
	</object>
	<object>
		<name>Deer</name>
		<pose>Unspecified</pose>
		<truncated>0</truncated>
		<difficult>0</difficult>
		<bndbox>
			<xmin>276</xmin>
			<xmax>607</xmax>
			<ymin>67</ymin>
			<ymax>516</ymax>
		</bndbox>
	</object>
</annotation>