<?xml version='1.0' encoding='UTF-8'?>
<annotation>
	<filename>Deer_Download_train_172.jpg</filename>
	<size>
		<width>640</width>
		<height>640</height>
		<depth>3</depth>
	</size>
	<segmented>0</segmented>
	<object>
		<name>Deer</name>
		<pose>Unspecified</pose>
		<truncated>0</truncated>
		<difficult>0</difficult>
		<bndbox>
			<xmin>1</xmin>
			<xmax>380</xmax>
			<ymin>115</ymin>
			<ymax>480</ymax>
		</bndbox>
	</object>
	<object>
		<name>Deer</name>
		<pose>Unspecified</pose>
		<truncated>0</truncated>
		<difficult>0</difficult>
		<bndbox>
			<xmin>503</xmin>
			<xmax>640</xmax>
			<ymin>122</ymin>
			<ymax>543</ymax>
		</bndbox>
	</object>
</annotation>