<?xml version='1.0' encoding='UTF-8'?>
<annotation>
	<filename>Deer_Download_train_470.jpg</filename>
	<size>
		<width>640</width>
		<height>640</height>
		<depth>3</depth>
	</size>
	<segmented>0</segmented>
	<object>
		<name>Deer</name>
		<pose>Unspecified</pose>
		<truncated>0</truncated>
		<difficult>0</difficult>
		<bndbox>
			<xmin>41</xmin>
			<xmax>135</xmax>
			<ymin>220</ymin>
			<ymax>337</ymax>
		</bndbox>
	</object>
	<object>
		<name>Deer</name>
		<pose>Unspecified</pose>
		<truncated>0</truncated>
		<difficult>0</difficult>
		<bndbox>
			<xmin>120</xmin>
			<xmax>157</xmax>
			<ymin>238</ymin>
			<ymax>328</ymax>
		</bndbox>
	</object>
</annotation>