<?xml version='1.0' encoding='UTF-8'?>
<annotation>
	<filename>Deer_Download_train_589.jpg</filename>
	<size>
		<width>640</width>
		<height>640</height>
		<depth>3</depth>
	</size>
	<segmented>0</segmented>
	<object>
		<name>Deer</name>
		<pose>Unspecified</pose>
		<truncated>0</truncated>
		<difficult>0</difficult>
		<bndbox>
			<xmin>289</xmin>
			<xmax>638</xmax>
			<ymin>25</ymin>
			<ymax>528</ymax>
		</bndbox>
	</object>
	<object>
		<name>Deer</name>
		<pose>Unspecified</pose>
		<truncated>0</truncated>
		<difficult>0</difficult>
		<bndbox>
			<xmin>63</xmin>
			<xmax>365</xmax>
			<ymin>256</ymin>
			<ymax>611</ymax>
		</bndbox>
	</object>
</annotation>