<?xml version='1.0' encoding='UTF-8'?>
<annotation>
	<filename>Deer_Download_train_7.jpg</filename>
	<size>
		<width>640</width>
		<height>640</height>
		<depth>3</depth>
	</size>
	<segmented>0</segmented>
	<object>
		<name>Deer</name>
		<pose>Unspecified</pose>
		<truncated>0</truncated>
		<difficult>0</difficult>
		<bndbox>
			<xmin>98</xmin>
			<xmax>326</xmax>
			<ymin>136</ymin>
			<ymax>620</ymax>
		</bndbox>
	</object>
	<object>
		<name>Deer</name>
		<pose>Unspecified</pose>
		<truncated>0</truncated>
		<difficult>0</difficult>
		<bndbox>
			<xmin>445</xmin>
			<xmax>538</xmax>
			<ymin>179</ymin>
			<ymax>403</ymax>
		</bndbox>
	</object>
</annotation>