<?xml version='1.0' encoding='UTF-8'?>
<annotation>
	<filename>Deer_Download_train_64.jpg</filename>
	<size>
		<width>640</width>
		<height>640</height>
		<depth>3</depth>
	</size>
	<segmented>0</segmented>
	<object>
		<name>Deer</name>
		<pose>Unspecified</pose>
		<truncated>0</truncated>
		<difficult>0</difficult>
		<bndbox>
			<xmin>308</xmin>
			<xmax>590</xmax>
			<ymin>91</ymin>
			<ymax>579</ymax>
		</bndbox>
	</object>
	<object>
		<name>Deer</name>
		<pose>Unspecified</pose>
		<truncated>0</truncated>
		<difficult>0</difficult>
		<bndbox>
			<xmin>130</xmin>
			<xmax>294</xmax>
			<ymin>256</ymin>
			<ymax>525</ymax>
		</bndbox>
	</object>
</annotation>