<?xml version='1.0' encoding='UTF-8'?>
<annotation>
	<filename>Deer_Download_train_59.jpg</filename>
	<size>
		<width>640</width>
		<height>640</height>
		<depth>3</depth>
	</size>
	<segmented>0</segmented>
	<object>
		<name>Deer</name>
		<pose>Unspecified</pose>
		<truncated>0</truncated>
		<difficult>0</difficult>
		<bndbox>
			<xmin>1</xmin>
			<xmax>324</xmax>
			<ymin>83</ymin>
			<ymax>465</ymax>
		</bndbox>
	</object>
	<object>
		<name>Deer</name>
		<pose>Unspecified</pose>
		<truncated>0</truncated>
		<difficult>0</difficult>
		<bndbox>
			<xmin>309</xmin>
			<xmax>566</xmax>
			<ymin>88</ymin>
			<ymax>439</ymax>
		</bndbox>
	</object>
</annotation>