<?xml version='1.0' encoding='UTF-8'?>
<annotation>
	<filename>Deer_Download_train_635.jpg</filename>
	<size>
		<width>640</width>
		<height>640</height>
		<depth>3</depth>
	</size>
	<segmented>0</segmented>
	<object>
		<name>Deer</name>
		<pose>Unspecified</pose>
		<truncated>0</truncated>
		<difficult>0</difficult>
		<bndbox>
			<xmin>47</xmin>
			<xmax>383</xmax>
			<ymin>32</ymin>
			<ymax>558</ymax>
		</bndbox>
	</object>
	<object>
		<name>Deer</name>
		<pose>Unspecified</pose>
		<truncated>0</truncated>
		<difficult>0</difficult>
		<bndbox>
			<xmin>337</xmin>
			<xmax>610</xmax>
			<ymin>237</ymin>
			<ymax>557</ymax>
		</bndbox>
	</object>
</annotation>