<?xml version='1.0' encoding='UTF-8'?>
<annotation>
	<filename>Deer_Download_train_159.jpg</filename>
	<size>
		<width>640</width>
		<height>640</height>
		<depth>3</depth>
	</size>
	<segmented>0</segmented>
	<object>
		<name>Deer</name>
		<pose>Unspecified</pose>
		<truncated>0</truncated>
		<difficult>0</difficult>
		<bndbox>
			<xmin>84</xmin>
			<xmax>118</xmax>
			<ymin>350</ymin>
			<ymax>414</ymax>
		</bndbox>
	</object>
	<object>
		<name>Deer</name>
		<pose>Unspecified</pose>
		<truncated>0</truncated>
		<difficult>0</difficult>
		<bndbox>
			<xmin>221</xmin>
			<xmax>335</xmax>
			<ymin>339</ymin>
			<ymax>438</ymax>
		</bndbox>
	</object>
	<object>
		<name>Deer</name>
		<pose>Unspecified</pose>
		<truncated>0</truncated>
		<difficult>0</difficult>
		<bndbox>
			<xmin>107</xmin>
			<xmax>216</xmax>
			<ymin>347</ymin>
			<ymax>466</ymax>
		</bndbox>
	</object>
</annotation>