<?xml version='1.0' encoding='UTF-8'?>
<annotation>
	<filename>Deer_Download_train_178.jpg</filename>
	<size>
		<width>640</width>
		<height>640</height>
		<depth>3</depth>
	</size>
	<segmented>0</segmented>
	<object>
		<name>Deer</name>
		<pose>Unspecified</pose>
		<truncated>0</truncated>
		<difficult>0</difficult>
		<bndbox>
			<xmin>1</xmin>
			<xmax>381</xmax>
			<ymin>91</ymin>
			<ymax>480</ymax>
		</bndbox>
	</object>
	<object>
		<name>Deer</name>
		<pose>Unspecified</pose>
		<truncated>0</truncated>
		<difficult>0</difficult>
		<bndbox>
			<xmin>491</xmin>
			<xmax>640</xmax>
			<ymin>114</ymin>
			<ymax>558</ymax>
		</bndbox>
	</object>
</annotation>