<?xml version='1.0' encoding='UTF-8'?>
<annotation>
	<filename>Deer_Download_train_60.jpg</filename>
	<size>
		<width>640</width>
		<height>640</height>
		<depth>3</depth>
	</size>
	<segmented>0</segmented>
	<object>
		<name>Deer</name>
		<pose>Unspecified</pose>
		<truncated>0</truncated>
		<difficult>0</difficult>
		<bndbox>
			<xmin>29</xmin>
			<xmax>319</xmax>
			<ymin>52</ymin>
			<ymax>585</ymax>
		</bndbox>
	</object>
	<object>
		<name>Deer</name>
		<pose>Unspecified</pose>
		<truncated>0</truncated>
		<difficult>0</difficult>
		<bndbox>
			<xmin>329</xmin>
			<xmax>636</xmax>
			<ymin>79</ymin>
			<ymax>622</ymax>
		</bndbox>
	</object>
</annotation>