<?xml version='1.0' encoding='UTF-8'?>
<annotation>
	<filename>Deer_Download_train_81.jpg</filename>
	<size>
		<width>640</width>
		<height>640</height>
		<depth>3</depth>
	</size>
	<segmented>0</segmented>
	<object>
		<name>Deer</name>
		<pose>Unspecified</pose>
		<truncated>0</truncated>
		<difficult>0</difficult>
		<bndbox>
			<xmin>6</xmin>
			<xmax>130</xmax>
			<ymin>65</ymin>
			<ymax>400</ymax>
		</bndbox>
	</object>
	<object>
		<name>Deer</name>
		<pose>Unspecified</pose>
		<truncated>0</truncated>
		<difficult>0</difficult>
		<bndbox>
			<xmin>150</xmin>
			<xmax>258</xmax>
			<ymin>195</ymin>
			<ymax>381</ymax>
		</bndbox>
	</object>
	<object>
		<name>Deer</name>
		<pose>Unspecified</pose>
		<truncated>0</truncated>
		<difficult>0</difficult>
		<bndbox>
			<xmin>262</xmin>
			<xmax>376</xmax>
			<ymin>183</ymin>
			<ymax>397</ymax>
		</bndbox>
	</object>
	<object>
		<name>Deer</name>
		<pose>Unspecified</pose>
		<truncated>0</truncated>
		<difficult>0</difficult>
		<bndbox>
			<xmin>380</xmin>
			<xmax>507</xmax>
			<ymin>143</ymin>
			<ymax>554</ymax>
		</bndbox>
	</object>
</annotation>