<?xml version='1.0' encoding='UTF-8'?>
<annotation>
	<filename>Deer_Download_train_91.jpg</filename>
	<size>
		<width>640</width>
		<height>640</height>
		<depth>3</depth>
	</size>
	<segmented>0</segmented>
	<object>
		<name>Deer</name>
		<pose>Unspecified</pose>
		<truncated>0</truncated>
		<difficult>0</difficult>
		<bndbox>
			<xmin>53</xmin>
			<xmax>196</xmax>
			<ymin>163</ymin>
			<ymax>383</ymax>
		</bndbox>
	</object>
	<object>
		<name>Deer</name>
		<pose>Unspecified</pose>
		<truncated>0</truncated>
		<difficult>0</difficult>
		<bndbox>
			<xmin>231</xmin>
			<xmax>382</xmax>
			<ymin>165</ymin>
			<ymax>419</ymax>
		</bndbox>
	</object>
	<object>
		<name>Deer</name>
		<pose>Unspecified</pose>
		<truncated>0</truncated>
		<difficult>0</difficult>
		<bndbox>
			<xmin>511</xmin>
			<xmax>593</xmax>
			<ymin>237</ymin>
			<ymax>515</ymax>
		</bndbox>
	</object>
</annotation>