<?xml version='1.0' encoding='UTF-8'?>
<annotation>
	<filename>Deer_Download_train_29.jpg</filename>
	<size>
		<width>640</width>
		<height>640</height>
		<depth>3</depth>
	</size>
	<segmented>0</segmented>
	<object>
		<name>Deer</name>
		<pose>Unspecified</pose>
		<truncated>0</truncated>
		<difficult>0</difficult>
		<bndbox>
			<xmin>335</xmin>
			<xmax>508</xmax>
			<ymin>47</ymin>
			<ymax>612</ymax>
		</bndbox>
	</object>
	<object>
		<name>Deer</name>
		<pose>Unspecified</pose>
		<truncated>0</truncated>
		<difficult>0</difficult>
		<bndbox>
			<xmin>71</xmin>
			<xmax>324</xmax>
			<ymin>165</ymin>
			<ymax>636</ymax>
		</bndbox>
	</object>
</annotation>