<?xml version='1.0' encoding='UTF-8'?>
<annotation>
	<filename>Deer_Download_train_76.jpg</filename>
	<size>
		<width>640</width>
		<height>640</height>
		<depth>3</depth>
	</size>
	<segmented>0</segmented>
	<object>
		<name>Deer</name>
		<pose>Unspecified</pose>
		<truncated>0</truncated>
		<difficult>0</difficult>
		<bndbox>
			<xmin>120</xmin>
			<xmax>430</xmax>
			<ymin>87</ymin>
			<ymax>579</ymax>
		</bndbox>
	</object>
	<object>
		<name>Deer</name>
		<pose>Unspecified</pose>
		<truncated>0</truncated>
		<difficult>0</difficult>
		<bndbox>
			<xmin>276</xmin>
			<xmax>413</xmax>
			<ymin>275</ymin>
			<ymax>570</ymax>
		</bndbox>
	</object>
</annotation>