<?xml version='1.0' encoding='UTF-8'?>
<annotation>
	<filename>Deer_Download_train_180.jpg</filename>
	<size>
		<width>640</width>
		<height>640</height>
		<depth>3</depth>
	</size>
	<segmented>0</segmented>
	<object>
		<name>Deer</name>
		<pose>Unspecified</pose>
		<truncated>0</truncated>
		<difficult>0</difficult>
		<bndbox>
			<xmin>3</xmin>
			<xmax>374</xmax>
			<ymin>89</ymin>
			<ymax>477</ymax>
		</bndbox>
	</object>
	<object>
		<name>Deer</name>
		<pose>Unspecified</pose>
		<truncated>0</truncated>
		<difficult>0</difficult>
		<bndbox>
			<xmin>476</xmin>
			<xmax>622</xmax>
			<ymin>234</ymin>
			<ymax>564</ymax>
		</bndbox>
	</object>
</annotation>