<?xml version='1.0' encoding='UTF-8'?>
<annotation>
	<filename>Deer_Download_train_183.jpg</filename>
	<size>
		<width>640</width>
		<height>640</height>
		<depth>3</depth>
	</size>
	<segmented>0</segmented>
	<object>
		<name>Deer</name>
		<pose>Unspecified</pose>
		<truncated>0</truncated>
		<difficult>0</difficult>
		<bndbox>
			<xmin>1</xmin>
			<xmax>370</xmax>
			<ymin>80</ymin>
			<ymax>466</ymax>
		</bndbox>
	</object>
	<object>
		<name>Deer</name>
		<pose>Unspecified</pose>
		<truncated>0</truncated>
		<difficult>0</difficult>
		<bndbox>
			<xmin>501</xmin>
			<xmax>640</xmax>
			<ymin>141</ymin>
			<ymax>577</ymax>
		</bndbox>
	</object>
</annotation>