<?xml version='1.0' encoding='UTF-8'?>
<annotation>
	<filename>Deer_Download_train_16.jpg</filename>
	<size>
		<width>640</width>
		<height>640</height>
		<depth>3</depth>
	</size>
	<segmented>0</segmented>
	<object>
		<name>Deer</name>
		<pose>Unspecified</pose>
		<truncated>0</truncated>
		<difficult>0</difficult>
		<bndbox>
			<xmin>68</xmin>
			<xmax>418</xmax>
			<ymin>72</ymin>
			<ymax>333</ymax>
		</bndbox>
	</object>
	<object>
		<name>Deer</name>
		<pose>Unspecified</pose>
		<truncated>0</truncated>
		<difficult>0</difficult>
		<bndbox>
			<xmin>242</xmin>
			<xmax>546</xmax>
			<ymin>319</ymin>
			<ymax>570</ymax>
		</bndbox>
	</object>
</annotation>