<?xml version='1.0' encoding='UTF-8'?>
<annotation>
	<filename>Deer_Download_train_417.jpg</filename>
	<size>
		<width>640</width>
		<height>640</height>
		<depth>3</depth>
	</size>
	<segmented>0</segmented>
	<object>
		<name>Deer</name>
		<pose>Unspecified</pose>
		<truncated>0</truncated>
		<difficult>0</difficult>
		<bndbox>
			<xmin>354</xmin>
			<xmax>423</xmax>
			<ymin>324</ymin>
			<ymax>408</ymax>
		</bndbox>
	</object>
	<object>
		<name>Deer</name>
		<pose>Unspecified</pose>
		<truncated>0</truncated>
		<difficult>0</difficult>
		<bndbox>
			<xmin>225</xmin>
			<xmax>285</xmax>
			<ymin>335</ymin>
			<ymax>408</ymax>
		</bndbox>
	</object>
	<object>
		<name>Deer</name>
		<pose>Unspecified</pose>
		<truncated>0</truncated>
		<difficult>0</difficult>
		<bndbox>
			<xmin>282</xmin>
			<xmax>341</xmax>
			<ymin>321</ymin>
			<ymax>424</ymax>
		</bndbox>
	</object>
</annotation>