<?xml version='1.0' encoding='UTF-8'?>
<annotation>
	<filename>Deer_Download_train_409.jpg</filename>
	<size>
		<width>640</width>
		<height>640</height>
		<depth>3</depth>
	</size>
	<segmented>0</segmented>
	<object>
		<name>Deer</name>
		<pose>Unspecified</pose>
		<truncated>0</truncated>
		<difficult>0</difficult>
		<bndbox>
			<xmin>443</xmin>
			<xmax>640</xmax>
			<ymin>64</ymin>
			<ymax>474</ymax>
		</bndbox>
	</object>
	<object>
		<name>Deer</name>
		<pose>Unspecified</pose>
		<truncated>0</truncated>
		<difficult>0</difficult>
		<bndbox>
			<xmin>32</xmin>
			<xmax>181</xmax>
			<ymin>212</ymin>
			<ymax>348</ymax>
		</bndbox>
	</object>
</annotation>