<?xml version='1.0' encoding='UTF-8'?>
<annotation>
	<filename>Deer_Download_train_399.jpg</filename>
	<size>
		<width>640</width>
		<height>640</height>
		<depth>3</depth>
	</size>
	<segmented>0</segmented>
	<object>
		<name>Deer</name>
		<pose>Unspecified</pose>
		<truncated>0</truncated>
		<difficult>0</difficult>
		<bndbox>
			<xmin>211</xmin>
			<xmax>350</xmax>
			<ymin>141</ymin>
			<ymax>348</ymax>
		</bndbox>
	</object>
	<object>
		<name>Deer</name>
		<pose>Unspecified</pose>
		<truncated>0</truncated>
		<difficult>0</difficult>
		<bndbox>
			<xmin>441</xmin>
			<xmax>640</xmax>
			<ymin>184</ymin>
			<ymax>440</ymax>
		</bndbox>
	</object>
</annotation>