<?xml version='1.0' encoding='UTF-8'?>
<annotation>
	<filename>Deer_Download_train_414.jpg</filename>
	<size>
		<width>640</width>
		<height>640</height>
		<depth>3</depth>
	</size>
	<segmented>0</segmented>
	<object>
		<name>Deer</name>
		<pose>Unspecified</pose>
		<truncated>0</truncated>
		<difficult>0</difficult>
		<bndbox>
			<xmin>322</xmin>
			<xmax>372</xmax>
			<ymin>334</ymin>
			<ymax>400</ymax>
		</bndbox>
	</object>
	<object>
		<name>Deer</name>
		<pose>Unspecified</pose>
		<truncated>0</truncated>
		<difficult>0</difficult>
		<bndbox>
			<xmin>354</xmin>
			<xmax>428</xmax>
			<ymin>339</ymin>
			<ymax>438</ymax>
		</bndbox>
	</object>
	<object>
		<name>Deer</name>
		<pose>Unspecified</pose>
		<truncated>0</truncated>
		<difficult>0</difficult>
		<bndbox>
			<xmin>220</xmin>
			<xmax>301</xmax>
			<ymin>344</ymin>
			<ymax>443</ymax>
		</bndbox>
	</object>
</annotation>